-- Insertar 100 pacientes
INSERT INTO patients (first_name, last_name, birth_date, phone, address) VALUES ('Ana', 'García', TO_DATE('1985-03-15', 'YYYY-MM-DD'), '555-0001', 'Calle 1 #10-20');
INSERT INTO patients (first_name, last_name, birth_date, phone, address) VALUES ('Carlos', 'López', TO_DATE('1990-07-22', 'YYYY-MM-DD'), '555-0002', 'Carrera 5 #25-30');
INSERT INTO patients (first_name, last_name, birth_date, phone, address) VALUES ('María', 'Rodríguez', TO_DATE('1978-11-08', 'YYYY-MM-DD'), '555-0003', 'Avenida 10 #40-15');
INSERT INTO patients (first_name, last_name, birth_date, phone, address) VALUES ('José', 'Martínez', TO_DATE('1982-05-12', 'YYYY-MM-DD'), '555-0004', 'Calle 8 #30-25');
INSERT INTO patients (first_name, last_name, birth_date, phone, address) VALUES ('Laura', 'González', TO_DATE('1995-09-18', 'YYYY-MM-DD'), '555-0005', 'Carrera 12 #50-10');
INSERT INTO patients (first_name, last_name, birth_date, phone, address) VALUES ('Pedro', 'Hernández', TO_DATE('1987-01-25', 'YYYY-MM-DD'), '555-0006', 'Avenida 15 #20-35');
INSERT INTO patients (first_name, last_name, birth_date, phone, address) VALUES ('Sandra', 'Jiménez', TO_DATE('1992-12-03', 'YYYY-MM-DD'), '555-0007', 'Calle 20 #15-40');
INSERT INTO patients (first_name, last_name, birth_date, phone, address) VALUES ('Miguel', 'Torres', TO_DATE('1980-06-30', 'YYYY-MM-DD'), '555-0008', 'Carrera 25 #35-20');
INSERT INTO patients (first_name, last_name, birth_date, phone, address) VALUES ('Carmen', 'Flores', TO_DATE('1988-04-14', 'YYYY-MM-DD'), '555-0009', 'Avenida 30 #45-15');
INSERT INTO patients (first_name, last_name, birth_date, phone, address) VALUES ('Roberto', 'Morales', TO_DATE('1975-08-20', 'YYYY-MM-DD'), '555-0010', 'Calle 35 #25-30');
INSERT INTO patients (first_name, last_name, birth_date, phone, address) VALUES ('Lucía', 'Castro', TO_DATE('1993-02-28', 'YYYY-MM-DD'), '555-0011', 'Carrera 40 #10-25');
INSERT INTO patients (first_name, last_name, birth_date, phone, address) VALUES ('Fernando', 'Ruiz', TO_DATE('1984-10-05', 'YYYY-MM-DD'), '555-0012', 'Avenida 45 #30-40');
INSERT INTO patients (first_name, last_name, birth_date, phone, address) VALUES ('Patricia', 'Vargas', TO_DATE('1991-03-17', 'YYYY-MM-DD'), '555-0013', 'Calle 50 #20-15');
INSERT INTO patients (first_name, last_name, birth_date, phone, address) VALUES ('Antonio', 'Mendoza', TO_DATE('1979-07-12', 'YYYY-MM-DD'), '555-0014', 'Carrera 55 #40-35');
INSERT INTO patients (first_name, last_name, birth_date, phone, address) VALUES ('Elena', 'Peña', TO_DATE('1986-11-24', 'YYYY-MM-DD'), '555-0015', 'Avenida 60 #15-25');
INSERT INTO patients (first_name, last_name, birth_date, phone, address) VALUES ('Raúl', 'Ortega', TO_DATE('1994-01-08', 'YYYY-MM-DD'), '555-0016', 'Calle 65 #35-20');
INSERT INTO patients (first_name, last_name, birth_date, phone, address) VALUES ('Gloria', 'Ramos', TO_DATE('1983-09-21', 'YYYY-MM-DD'), '555-0017', 'Carrera 70 #25-40');
INSERT INTO patients (first_name, last_name, birth_date, phone, address) VALUES ('Jorge', 'Silva', TO_DATE('1989-05-16', 'YYYY-MM-DD'), '555-0018', 'Avenida 75 #45-30');
INSERT INTO patients (first_name, last_name, birth_date, phone, address) VALUES ('Mónica', 'Gutiérrez', TO_DATE('1977-12-10', 'YYYY-MM-DD'), '555-0019', 'Calle 80 #30-15');
INSERT INTO patients (first_name, last_name, birth_date, phone, address) VALUES ('Diego', 'Herrera', TO_DATE('1996-06-23', 'YYYY-MM-DD'), '555-0020', 'Carrera 85 #20-35');
INSERT INTO patients (first_name, last_name, birth_date, phone, address) VALUES ('Cristina', 'Medina', TO_DATE('1981-04-07', 'YYYY-MM-DD'), '555-0021', 'Avenida 90 #40-25');
INSERT INTO patients (first_name, last_name, birth_date, phone, address) VALUES ('Alejandro', 'Sandoval', TO_DATE('1990-08-19', 'YYYY-MM-DD'), '555-0022', 'Calle 95 #15-30');
INSERT INTO patients (first_name, last_name, birth_date, phone, address) VALUES ('Beatriz', 'Vega', TO_DATE('1985-02-14', 'YYYY-MM-DD'), '555-0023', 'Carrera 100 #35-40');
INSERT INTO patients (first_name, last_name, birth_date, phone, address) VALUES ('Francisco', 'Delgado', TO_DATE('1987-10-26', 'YYYY-MM-DD'), '555-0024', 'Avenida 105 #25-15');
INSERT INTO patients (first_name, last_name, birth_date, phone, address) VALUES ('Isabel', 'Romero', TO_DATE('1992-07-01', 'YYYY-MM-DD'), '555-0025', 'Calle 110 #45-35');
INSERT INTO patients (first_name, last_name, birth_date, phone, address) VALUES ('Javier', 'Aguilar', TO_DATE('1978-03-29', 'YYYY-MM-DD'), '555-0026', 'Carrera 115 #30-20');
INSERT INTO patients (first_name, last_name, birth_date, phone, address) VALUES ('Rosa', 'Cortés', TO_DATE('1994-11-15', 'YYYY-MM-DD'), '555-0027', 'Avenida 120 #20-40');
INSERT INTO patients (first_name, last_name, birth_date, phone, address) VALUES ('Sergio', 'Navarro', TO_DATE('1982-09-02', 'YYYY-MM-DD'), '555-0028', 'Calle 125 #40-25');
INSERT INTO patients (first_name, last_name, birth_date, phone, address) VALUES ('Adriana', 'Molina', TO_DATE('1988-01-18', 'YYYY-MM-DD'), '555-0029', 'Carrera 130 #15-30');
INSERT INTO patients (first_name, last_name, birth_date, phone, address) VALUES ('Guillermo', 'Espinoza', TO_DATE('1975-05-24', 'YYYY-MM-DD'), '555-0030', 'Avenida 135 #35-15');
INSERT INTO patients (first_name, last_name, birth_date, phone, address) VALUES ('Valeria', 'Campos', TO_DATE('1993-12-06', 'YYYY-MM-DD'), '555-0031', 'Calle 140 #25-35');
INSERT INTO patients (first_name, last_name, birth_date, phone, address) VALUES ('Ricardo', 'Lara', TO_DATE('1986-08-11', 'YYYY-MM-DD'), '555-0032', 'Carrera 145 #45-20');
INSERT INTO patients (first_name, last_name, birth_date, phone, address) VALUES ('Natalia', 'Guerrero', TO_DATE('1991-04-27', 'YYYY-MM-DD'), '555-0033', 'Avenida 150 #30-40');
INSERT INTO patients (first_name, last_name, birth_date, phone, address) VALUES ('Andrés', 'Cabrera', TO_DATE('1984-06-13', 'YYYY-MM-DD'), '555-0034', 'Calle 155 #20-25');
INSERT INTO patients (first_name, last_name, birth_date, phone, address) VALUES ('Silvia', 'Paredes', TO_DATE('1989-02-08', 'YYYY-MM-DD'), '555-0035', 'Carrera 160 #40-30');
INSERT INTO patients (first_name, last_name, birth_date, phone, address) VALUES ('Héctor', 'Rojas', TO_DATE('1980-10-22', 'YYYY-MM-DD'), '555-0036', 'Avenida 165 #15-35');
INSERT INTO patients (first_name, last_name, birth_date, phone, address) VALUES ('Teresa', 'Figueroa', TO_DATE('1995-07-17', 'YYYY-MM-DD'), '555-0037', 'Calle 170 #35-40');
INSERT INTO patients (first_name, last_name, birth_date, phone, address) VALUES ('Eduardo', 'Soto', TO_DATE('1983-03-04', 'YYYY-MM-DD'), '555-0038', 'Carrera 175 #25-15');
INSERT INTO patients (first_name, last_name, birth_date, phone, address) VALUES ('Pilar', 'Contreras', TO_DATE('1987-11-20', 'YYYY-MM-DD'), '555-0039', 'Avenida 180 #45-25');
INSERT INTO patients (first_name, last_name, birth_date, phone, address) VALUES ('Álvaro', 'Reyes', TO_DATE('1976-01-15', 'YYYY-MM-DD'), '555-0040', 'Calle 185 #30-35');
INSERT INTO patients (first_name, last_name, birth_date, phone, address) VALUES ('Marina', 'León', TO_DATE('1992-09-08', 'YYYY-MM-DD'), '555-0041', 'Carrera 190 #20-30');
INSERT INTO patients (first_name, last_name, birth_date, phone, address) VALUES ('Iván', 'Muñoz', TO_DATE('1988-05-31', 'YYYY-MM-DD'), '555-0042', 'Avenida 195 #40-20');
INSERT INTO patients (first_name, last_name, birth_date, phone, address) VALUES ('Claudia', 'Fuentes', TO_DATE('1985-12-17', 'YYYY-MM-DD'), '555-0043', 'Calle 200 #15-40');
INSERT INTO patients (first_name, last_name, birth_date, phone, address) VALUES ('Óscar', 'Carrillo', TO_DATE('1990-06-04', 'YYYY-MM-DD'), '555-0044', 'Carrera 205 #35-25');
INSERT INTO patients (first_name, last_name, birth_date, phone, address) VALUES ('Lorena', 'Ibáñez', TO_DATE('1979-02-21', 'YYYY-MM-DD'), '555-0045', 'Avenida 210 #25-30');
INSERT INTO patients (first_name, last_name, birth_date, phone, address) VALUES ('Ramón', 'Palacios', TO_DATE('1994-08-07', 'YYYY-MM-DD'), '555-0046', 'Calle 215 #45-15');
INSERT INTO patients (first_name, last_name, birth_date, phone, address) VALUES ('Alicia', 'Moreno', TO_DATE('1981-04-23', 'YYYY-MM-DD'), '555-0047', 'Carrera 220 #30-40');
INSERT INTO patients (first_name, last_name, birth_date, phone, address) VALUES ('Tomás', 'Vera', TO_DATE('1986-12-09', 'YYYY-MM-DD'), '555-0048', 'Avenida 225 #20-25');
INSERT INTO patients (first_name, last_name, birth_date, phone, address) VALUES ('Gabriela', 'Salas', TO_DATE('1993-10-14', 'YYYY-MM-DD'), '555-0049', 'Calle 230 #40-35');
INSERT INTO patients (first_name, last_name, birth_date, phone, address) VALUES ('Arturo', 'Prieto', TO_DATE('1977-06-28', 'YYYY-MM-DD'), '555-0050', 'Carrera 235 #15-20');
INSERT INTO patients (first_name, last_name, birth_date, phone, address) VALUES ('Marta', 'Acosta', TO_DATE('1991-01-12', 'YYYY-MM-DD'), '555-0051', 'Avenida 240 #35-30');
INSERT INTO patients (first_name, last_name, birth_date, phone, address) VALUES ('Pablo', 'Benítez', TO_DATE('1984-09-25', 'YYYY-MM-DD'), '555-0052', 'Calle 245 #25-40');
INSERT INTO patients (first_name, last_name, birth_date, phone, address) VALUES ('Victoria', 'Castillo', TO_DATE('1989-05-10', 'YYYY-MM-DD'), '555-0053', 'Carrera 250 #45-35');
INSERT INTO patients (first_name, last_name, birth_date, phone, address) VALUES ('Víctor', 'Peláez', TO_DATE('1982-03-16', 'YYYY-MM-DD'), '555-0054', 'Avenida 255 #30-15');
INSERT INTO patients (first_name, last_name, birth_date, phone, address) VALUES ('Carolina', 'Mendez', TO_DATE('1987-11-01', 'YYYY-MM-DD'), '555-0055', 'Calle 260 #20-30');
INSERT INTO patients (first_name, last_name, birth_date, phone, address) VALUES ('Rubén', 'Velasco', TO_DATE('1996-07-18', 'YYYY-MM-DD'), '555-0056', 'Carrera 265 #40-25');
INSERT INTO patients (first_name, last_name, birth_date, phone, address) VALUES ('Amparo', 'Cárdenas', TO_DATE('1978-01-03', 'YYYY-MM-DD'), '555-0057', 'Avenida 270 #15-35');
INSERT INTO patients (first_name, last_name, birth_date, phone, address) VALUES ('Emilio', 'Blanco', TO_DATE('1992-09-19', 'YYYY-MM-DD'), '555-0058', 'Calle 275 #35-20');
INSERT INTO patients (first_name, last_name, birth_date, phone, address) VALUES ('Nuria', 'Domínguez', TO_DATE('1985-05-05', 'YYYY-MM-DD'), '555-0059', 'Carrera 280 #25-40');
INSERT INTO patients (first_name, last_name, birth_date, phone, address) VALUES ('Gonzalo', 'Pascual', TO_DATE('1990-12-21', 'YYYY-MM-DD'), '555-0060', 'Avenida 285 #45-30');
INSERT INTO patients (first_name, last_name, birth_date, phone, address) VALUES ('Esperanza', 'Gil', TO_DATE('1983-08-14', 'YYYY-MM-DD'), '555-0061', 'Calle 290 #30-15');
INSERT INTO patients (first_name, last_name, birth_date, phone, address) VALUES ('Alfredo', 'Caballero', TO_DATE('1988-04-30', 'YYYY-MM-DD'), '555-0062', 'Carrera 295 #20-35');
INSERT INTO patients (first_name, last_name, birth_date, phone, address) VALUES ('Remedios', 'Moya', TO_DATE('1976-02-26', 'YYYY-MM-DD'), '555-0063', 'Avenida 300 #40-20');
INSERT INTO patients (first_name, last_name, birth_date, phone, address) VALUES ('Esteban', 'Rubio', TO_DATE('1994-10-11', 'YYYY-MM-DD'), '555-0064', 'Calle 305 #15-40');
INSERT INTO patients (first_name, last_name, birth_date, phone, address) VALUES ('Consuelo', 'Gallego', TO_DATE('1981-06-27', 'YYYY-MM-DD'), '555-0065', 'Carrera 310 #35-25');
INSERT INTO patients (first_name, last_name, birth_date, phone, address) VALUES ('Ignacio', 'Marín', TO_DATE('1986-01-13', 'YYYY-MM-DD'), '555-0066', 'Avenida 315 #25-30');
INSERT INTO patients (first_name, last_name, birth_date, phone, address) VALUES ('Dolores', 'Pastor', TO_DATE('1993-09-29', 'YYYY-MM-DD'), '555-0067', 'Calle 320 #45-35');
INSERT INTO patients (first_name, last_name, birth_date, phone, address) VALUES ('Enrique', 'Carmona', TO_DATE('1979-05-15', 'YYYY-MM-DD'), '555-0068', 'Carrera 325 #30-20');
INSERT INTO patients (first_name, last_name, birth_date, phone, address) VALUES ('Inmaculada', 'Serrano', TO_DATE('1991-03-02', 'YYYY-MM-DD'), '555-0069', 'Avenida 330 #20-40');
INSERT INTO patients (first_name, last_name, birth_date, phone, address) VALUES ('Julio', 'Vázquez', TO_DATE('1984-11-18', 'YYYY-MM-DD'), '555-0070', 'Calle 335 #40-15');
INSERT INTO patients (first_name, last_name, birth_date, phone, address) VALUES ('Mercedes', 'Martín', TO_DATE('1987-07-04', 'YYYY-MM-DD'), '555-0071', 'Carrera 340 #15-30');
INSERT INTO patients (first_name, last_name, birth_date, phone, address) VALUES ('Nicolás', 'Santana', TO_DATE('1995-01-20', 'YYYY-MM-DD'), '555-0072', 'Avenida 345 #35-25');
INSERT INTO patients (first_name, last_name, birth_date, phone, address) VALUES ('Rosario', 'Hidalgo', TO_DATE('1982-09-06', 'YYYY-MM-DD'), '555-0073', 'Calle 350 #25-40');
INSERT INTO patients (first_name, last_name, birth_date, phone, address) VALUES ('Samuel', 'Lorenzo', TO_DATE('1989-05-22', 'YYYY-MM-DD'), '555-0074', 'Carrera 355 #45-20');
INSERT INTO patients (first_name, last_name, birth_date, phone, address) VALUES ('Soledad', 'Morales', TO_DATE('1980-12-08', 'YYYY-MM-DD'), '555-0075', 'Avenida 360 #30-35');
INSERT INTO patients (first_name, last_name, birth_date, phone, address) VALUES ('Teodoro', 'Vidal', TO_DATE('1992-08-24', 'YYYY-MM-DD'), '555-0076', 'Calle 365 #20-30');
INSERT INTO patients (first_name, last_name, birth_date, phone, address) VALUES ('Úrsula', 'Roca', TO_DATE('1978-04-10', 'YYYY-MM-DD'), '555-0077', 'Carrera 370 #40-15');
INSERT INTO patients (first_name, last_name, birth_date, phone, address) VALUES ('Vicente', 'Calvo', TO_DATE('1985-02-25', 'YYYY-MM-DD'), '555-0078', 'Avenida 375 #15-35');
INSERT INTO patients (first_name, last_name, birth_date, phone, address) VALUES ('Ximena', 'Santos', TO_DATE('1990-10-12', 'YYYY-MM-DD'), '555-0079', 'Calle 380 #35-40');
INSERT INTO patients (first_name, last_name, birth_date, phone, address) VALUES ('Yolanda', 'Iglesias', TO_DATE('1983-06-28', 'YYYY-MM-DD'), '555-0080', 'Carrera 385 #25-20');
INSERT INTO patients (first_name, last_name, birth_date, phone, address) VALUES ('Zacarías', 'Ferrer', TO_DATE('1988-01-14', 'YYYY-MM-DD'), '555-0081', 'Avenida 390 #45-30');
INSERT INTO patients (first_name, last_name, birth_date, phone, address) VALUES ('Abel', 'Herrero', TO_DATE('1976-09-30', 'YYYY-MM-DD'), '555-0082', 'Calle 395 #30-25');
INSERT INTO patients (first_name, last_name, birth_date, phone, address) VALUES ('Adela', 'Suárez', TO_DATE('1993-05-16', 'YYYY-MM-DD'), '555-0083', 'Carrera 400 #20-35');
INSERT INTO patients (first_name, last_name, birth_date, phone, address) VALUES ('Bruno', 'Ortiz', TO_DATE('1981-03-03', 'YYYY-MM-DD'), '555-0084', 'Avenida 405 #40-40');
INSERT INTO patients (first_name, last_name, birth_date, phone, address) VALUES ('Carla', 'Vicente', TO_DATE('1987-11-19', 'YYYY-MM-DD'), '555-0085', 'Calle 410 #15-15');
INSERT INTO patients (first_name, last_name, birth_date, phone, address) VALUES ('Daniel', 'Esteban', TO_DATE('1994-07-05', 'YYYY-MM-DD'), '555-0086', 'Carrera 415 #35-30');
INSERT INTO patients (first_name, last_name, birth_date, phone, address) VALUES ('Eva', 'Román', TO_DATE('1986-01-21', 'YYYY-MM-DD'), '555-0087', 'Avenida 420 #25-25');
INSERT INTO patients (first_name, last_name, birth_date, phone, address) VALUES ('Fabián', 'Santiago', TO_DATE('1991-09-07', 'YYYY-MM-DD'), '555-0088', 'Calle 425 #45-40');
INSERT INTO patients (first_name, last_name, birth_date, phone, address) VALUES ('Gema', 'Garrido', TO_DATE('1979-05-23', 'YYYY-MM-DD'), '555-0089', 'Carrera 430 #30-35');
INSERT INTO patients (first_name, last_name, birth_date, phone, address) VALUES ('Hugo', 'Lozano', TO_DATE('1984-12-09', 'YYYY-MM-DD'), '555-0090', 'Avenida 435 #20-20');
INSERT INTO patients (first_name, last_name, birth_date, phone, address) VALUES ('Irene', 'Cano', TO_DATE('1989-08-26', 'YYYY-MM-DD'), '555-0091', 'Calle 440 #40-30');
INSERT INTO patients (first_name, last_name, birth_date, phone, address) VALUES ('Jaime', 'Nieto', TO_DATE('1977-04-12', 'YYYY-MM-DD'), '555-0092', 'Carrera 445 #15-25');
INSERT INTO patients (first_name, last_name, birth_date, phone, address) VALUES ('Karina', 'Guerrero', TO_DATE('1992-02-28', 'YYYY-MM-DD'), '555-0093', 'Avenida 450 #35-35');
INSERT INTO patients (first_name, last_name, birth_date, phone, address) VALUES ('Lorenzo', 'Pascual', TO_DATE('1985-10-14', 'YYYY-MM-DD'), '555-0094', 'Calle 455 #25-40');
INSERT INTO patients (first_name, last_name, birth_date, phone, address) VALUES ('Maite', 'Duran', TO_DATE('1990-06-01', 'YYYY-MM-DD'), '555-0095', 'Carrera 460 #45-15');
INSERT INTO patients (first_name, last_name, birth_date, phone, address) VALUES ('Néstor', 'Cabrera', TO_DATE('1983-03-17', 'YYYY-MM-DD'), '555-0096', 'Avenida 465 #30-30');
INSERT INTO patients (first_name, last_name, birth_date, phone, address) VALUES ('Olga', 'Moreno', TO_DATE('1988-11-03', 'YYYY-MM-DD'), '555-0097', 'Calle 470 #20-25');
INSERT INTO patients (first_name, last_name, birth_date, phone, address) VALUES ('Pablo', 'Vega', TO_DATE('1975-07-20', 'YYYY-MM-DD'), '555-0098', 'Carrera 475 #40-35');
INSERT INTO patients (first_name, last_name, birth_date, phone, address) VALUES ('Quique', 'Torres', TO_DATE('1993-01-06', 'YYYY-MM-DD'), '555-0099', 'Avenida 480 #15-40');
INSERT INTO patients (first_name, last_name, birth_date, phone, address) VALUES ('Rebeca', 'Flores', TO_DATE('1981-09-22', 'YYYY-MM-DD'), '555-0100', 'Calle 485 #35-20');

-- Insertar 100 historiales dentales
INSERT INTO dental_histories (patient_id, anamnesis) VALUES (1, 'Paciente con antecedentes de caries múltiples. Sensibilidad dental ocasional.');
INSERT INTO dental_histories (patient_id, anamnesis) VALUES (2, 'Historial de ortodoncia en la adolescencia. Buena higiene oral actual.');
INSERT INTO dental_histories (patient_id, anamnesis) VALUES (3, 'Periodontitis leve tratada anteriormente. Control regular necesario.');
INSERT INTO dental_histories (patient_id, anamnesis) VALUES (4, 'Sin antecedentes relevantes. Primera consulta odontológica en años.');
INSERT INTO dental_histories (patient_id, anamnesis) VALUES (5, 'Bruxismo nocturno. Usa protector bucal desde hace 2 años.');
INSERT INTO dental_histories (patient_id, anamnesis) VALUES (6, 'Alergico a la penicilina. Antecedentes de abscesos dentales.');
INSERT INTO dental_histories (patient_id, anamnesis) VALUES (7, 'Embarazada (segundo trimestre). Gingivitis del embarazo.');
INSERT INTO dental_histories (patient_id, anamnesis) VALUES (8, 'Diabético tipo 2. Cicatrización lenta. Requiere profilaxis antibiótica.');
INSERT INTO dental_histories (patient_id, anamnesis) VALUES (9, 'Fumadora social. Manchas por tabaco en dientes anteriores.');
INSERT INTO dental_histories (patient_id, anamnesis) VALUES (10, 'Hipertensión arterial controlada con medicamentos. Sin contraindicaciones.');
INSERT INTO dental_histories (patient_id, anamnesis) VALUES (11, 'Paciente joven con excelente higiene oral. Consulta de rutina.');
INSERT INTO dental_histories (patient_id, anamnesis) VALUES (12, 'Antecedentes familiares de enfermedad periodontal. Profilaxis preventiva.');
INSERT INTO dental_histories (patient_id, anamnesis) VALUES (13, 'Tratamiento de conducto previo en molar superior derecho.');
INSERT INTO dental_histories (patient_id, anamnesis) VALUES (14, 'Paciente con ansiedad dental. Requiere sedación consciente.');
INSERT INTO dental_histories (patient_id, anamnesis) VALUES (15, 'Ortodoncia interceptiva en la infancia. Seguimiento ortodóncico.');
INSERT INTO dental_histories (patient_id, anamnesis) VALUES (16, 'Síndrome de boca seca por medicación. Fluorización tópica.');
INSERT INTO dental_histories (patient_id, anamnesis) VALUES (17, 'Antecedentes de traumatismo dental en incisivo central.');
INSERT INTO dental_histories (patient_id, anamnesis) VALUES (18, 'Paciente geriátrico con prótesis parcial superior.');
INSERT INTO dental_histories (patient_id, anamnesis) VALUES (19, 'Halitosis crónica por enfermedad periodontal.');
INSERT INTO dental_histories (patient_id, anamnesis) VALUES (20, 'Primera consulta. Sin antecedentes patológicos relevantes.');
INSERT INTO dental_histories (patient_id, anamnesis) VALUES (21, 'Caries recurrente bajo restauraciones antiguas.');
INSERT INTO dental_histories (patient_id, anamnesis) VALUES (22, 'Maloclusión clase II. Candidato para ortodoncia.');
INSERT INTO dental_histories (patient_id, anamnesis) VALUES (23, 'Paciente con cardiopatía. Requiere profilaxis antibiótica.');
INSERT INTO dental_histories (patient_id, anamnesis) VALUES (24, 'Fluorosis dental leve. Tratamiento estético indicado.');
INSERT INTO dental_histories (patient_id, anamnesis) VALUES (25, 'Antecedentes de cirugía maxilofacial por quiste.');
INSERT INTO dental_histories (patient_id, anamnesis) VALUES (26, 'Paciente con trastorno de la ATM. Férula de descarga.');
INSERT INTO dental_histories (patient_id, anamnesis) VALUES (27, 'Hipoplasia del esmalte en molares permanentes.');
INSERT INTO dental_histories (patient_id, anamnesis) VALUES (28, 'Gingivitis crónica por higiene deficiente.');
INSERT INTO dental_histories (patient_id, anamnesis) VALUES (29, 'Paciente con implantes dentales. Control periimplantario.');
INSERT INTO dental_histories (patient_id, anamnesis) VALUES (30, 'Aftas recurrentes. Se descarta enfermedad sistémica.');
INSERT INTO dental_histories (patient_id, anamnesis) VALUES (31, 'Sensibilidad al frío y al calor en varios dientes.');
INSERT INTO dental_histories (patient_id, anamnesis) VALUES (32, 'Rechinamiento de dientes durante el día.');
INSERT INTO dental_histories (patient_id, anamnesis) VALUES (33, 'Uso de enjuague bucal con alcohol. Se recomienda cambiar.');
INSERT INTO dental_histories (patient_id, anamnesis) VALUES (34, 'Candidiasis oral tratada con antifúngicos.');
INSERT INTO dental_histories (patient_id, anamnesis) VALUES (35, 'Paciente con marcapasos. Precaución con equipos eléctricos.');
INSERT INTO dental_histories (patient_id, anamnesis) VALUES (36, 'Fractura dental en premolar por morder objeto duro.');
INSERT INTO dental_histories (patient_id, anamnesis) VALUES (37, 'Pérdida de diente por caries no tratada.');
INSERT INTO dental_histories (patient_id, anamnesis) VALUES (38, 'Blanqueamiento dental realizado hace 3 años.');
INSERT INTO dental_histories (patient_id, anamnesis) VALUES (39, 'Apiñamiento dental severo en sector anterior inferior.');
INSERT INTO dental_histories (patient_id, anamnesis) VALUES (40, 'Paciente con VIH. Carga viral indetectable.');
INSERT INTO dental_histories (patient_id, anamnesis) VALUES (41, 'Leucoplasia en mucosa yugal. Biopsia pendiente.');
INSERT INTO dental_histories (patient_id, anamnesis) VALUES (42, 'Mala higiene, acumulación de placa y cálculo.');
INSERT INTO dental_histories (patient_id, anamnesis) VALUES (43, 'Tratamiento de ortodoncia finalizado. Usa retenedores.');
INSERT INTO dental_histories (patient_id, anamnesis) VALUES (44, 'Consumo elevado de bebidas azucaradas.');
INSERT INTO dental_histories (patient_id, anamnesis) VALUES (45, 'Enfermedad de Crohn. Manifestaciones orales ocasionales.');
INSERT INTO dental_histories (patient_id, anamnesis) VALUES (46, 'Paciente con prótesis total superior e inferior.');
INSERT INTO dental_histories (patient_id, anamnesis) VALUES (47, 'Agenesia de laterales superiores. Tratado con implantes.');
INSERT INTO dental_histories (patient_id, anamnesis) VALUES (48, 'Torus mandibularis bilateral. Sin significancia clínica.');
INSERT INTO dental_histories (patient_id, anamnesis) VALUES (49, 'Miedo a las agujas. Se requiere manejo de la ansiedad.');
INSERT INTO dental_histories (patient_id, anamnesis) VALUES (50, 'Desgaste dental generalizado por erosión ácida (reflujo).');
INSERT INTO dental_histories (patient_id, anamnesis) VALUES (51, 'Paciente con historial de bulimia. Erosión del esmalte.');
INSERT INTO dental_histories (patient_id, anamnesis) VALUES (52, 'Gingivitis descamativa. Se sospecha de liquen plano.');
INSERT INTO dental_histories (patient_id, anamnesis) VALUES (53, 'Uso de piercing en la lengua. Riesgo de fractura dental.');
INSERT INTO dental_histories (patient_id, anamnesis) VALUES (54, 'Paciente anticoagulado. Requiere interconsulta médica.');
INSERT INTO dental_histories (patient_id, anamnesis) VALUES (55, 'Caries de biberón en la infancia.');
INSERT INTO dental_histories (patient_id, anamnesis) VALUES (56, 'Fisura palatina operada en la niñez.');
INSERT INTO dental_histories (patient_id, anamnesis) VALUES (57, 'Hiperplasia gingival por fenitoína.');
INSERT INTO dental_histories (patient_id, anamnesis) VALUES (58, 'Paciente con asma. Traer inhalador a la consulta.');
INSERT INTO dental_histories (patient_id, anamnesis) VALUES (59, 'Cefaleas tensionales relacionadas con bruxismo.');
INSERT INTO dental_histories (patient_id, anamnesis) VALUES (60, 'Dientes supernumerarios (mesiodens) extraídos.');
INSERT INTO dental_histories (patient_id, anamnesis) VALUES (61, 'Recesión gingival en caninos inferiores.');
INSERT INTO dental_histories (patient_id, anamnesis) VALUES (62, 'Paciente con osteoporosis. Toma bifosfonatos.');
INSERT INTO dental_histories (patient_id, anamnesis) VALUES (63, 'Caries interproximales detectadas con radiografías.');
INSERT INTO dental_histories (patient_id, anamnesis) VALUES (64, 'Mordida abierta anterior. Hábito de empuje lingual.');
INSERT INTO dental_histories (patient_id, anamnesis) VALUES (65, 'Manchas blancas por descalcificación.');
INSERT INTO dental_histories (patient_id, anamnesis) VALUES (66, 'Paciente con apnea del sueño. Usa CPAP.');
INSERT INTO dental_histories (patient_id, anamnesis) VALUES (67, 'Abfracción dental en premolares por sobrecarga oclusal.');
INSERT INTO dental_histories (patient_id, anamnesis) VALUES (68, 'Lengua geográfica. Condición benigna.');
INSERT INTO dental_histories (patient_id, anamnesis) VALUES (69, 'Paciente trasplantado renal. Inmunosuprimido.');
INSERT INTO dental_histories (patient_id, anamnesis) VALUES (70, 'Pigmentación por amalgama en encía.');
INSERT INTO dental_histories (patient_id, anamnesis) VALUES (71, 'Movilidad dental en incisivos inferiores.');
INSERT INTO dental_histories (patient_id, anamnesis) VALUES (72, 'Frenillo lingual corto. Anquiloglosia parcial.');
INSERT INTO dental_histories (patient_id, anamnesis) VALUES (73, 'Paciente con artritis reumatoide. Dificultad para la higiene.');
INSERT INTO dental_histories (patient_id, anamnesis) VALUES (74, 'Pulpitis irreversible en molar inferior izquierdo.');
INSERT INTO dental_histories (patient_id, anamnesis) VALUES (75, 'Hábito de morderse las uñas (onicofagia).');
INSERT INTO dental_histories (patient_id, anamnesis) VALUES (76, 'Exodoncia de terceros molares hace 5 años.');
INSERT INTO dental_histories (patient_id, anamnesis) VALUES (77, 'Queilitis angular por deficiencia vitamínica.');
INSERT INTO dental_histories (patient_id, anamnesis) VALUES (78, 'Paciente con epilepsia controlada.');
INSERT INTO dental_histories (patient_id, anamnesis) VALUES (79, 'Restauraciones de resina en buen estado.');
INSERT INTO dental_histories (patient_id, anamnesis) VALUES (80, 'Periodontitis agresiva juvenil. Requiere tratamiento especializado.');
INSERT INTO dental_histories (patient_id, anamnesis) VALUES (81, 'Sinusitis maxilar de origen dental.');
INSERT INTO dental_histories (patient_id, anamnesis) VALUES (82, 'Anemia ferropénica. Palidez en mucosas.');
INSERT INTO dental_histories (patient_id, anamnesis) VALUES (83, 'Hipersensibilidad a la resina acrílica de prótesis.');
INSERT INTO dental_histories (patient_id, anamnesis) VALUES (84, 'Disfunción de la articulación temporomandibular (ATM).');
INSERT INTO dental_histories (patient_id, anamnesis) VALUES (85, 'Paciente en tratamiento de quimioterapia. Mucositis.');
INSERT INTO dental_histories (patient_id, anamnesis) VALUES (86, 'Amelogénesis imperfecta. Requiere rehabilitación completa.');
INSERT INTO dental_histories (patient_id, anamnesis) VALUES (87, 'Hábito de respiración bucal. Maloclusión asociada.');
INSERT INTO dental_histories (patient_id, anamnesis) VALUES (88, 'Celulitis facial por infección dental.');
INSERT INTO dental_histories (patient_id, anamnesis) VALUES (89, 'Dentinogénesis imperfecta. Dientes opalescentes.');
INSERT INTO dental_histories (patient_id, anamnesis) VALUES (90, 'Paciente con hemofilia. Manejo hospitalario para cirugía.');
INSERT INTO dental_histories (patient_id, anamnesis) VALUES (91, 'Traumatismo en la niñez, diente no vital.');
INSERT INTO dental_histories (patient_id, anamnesis) VALUES (92, 'Caries radicular en varios dientes.');
INSERT INTO dental_histories (patient_id, anamnesis) VALUES (93, 'Pérdida ósea moderada generalizada.');
INSERT INTO dental_histories (patient_id, anamnesis) VALUES (94, 'Paciente con Parkinson. Dificultad motora para cepillado.');
INSERT INTO dental_histories (patient_id, anamnesis) VALUES (95, 'Corona metal-cerámica desadaptada.');
INSERT INTO dental_histories (patient_id, anamnesis) VALUES (96, 'Fobia dental severa. Requiere sedación profunda.');
INSERT INTO dental_histories (patient_id, anamnesis) VALUES (97, 'Úlcera traumática por cepillado agresivo.');
INSERT INTO dental_histories (patient_id, anamnesis) VALUES (98, 'Edéntulo total. Portador de prótesis completas.');
INSERT INTO dental_histories (patient_id, anamnesis) VALUES (99, 'Reabsorción radicular externa en incisivo.');
INSERT INTO dental_histories (patient_id, anamnesis) VALUES (100, 'Buena salud oral. Sin patologías activas.');

-- Insertar 100 dentistas
INSERT INTO dentists (first_name, last_name, specialty) VALUES ('Alejandro', 'Gómez', 'Ortodoncia');
INSERT INTO dentists (first_name, last_name, specialty) VALUES ('Beatriz', 'Pérez', 'Periodoncia');
INSERT INTO dentists (first_name, last_name, specialty) VALUES ('Carlos', 'Sánchez', 'Endodoncia');
INSERT INTO dentists (first_name, last_name, specialty) VALUES ('Diana', 'Ramírez', 'Odontopediatría');
INSERT INTO dentists (first_name, last_name, specialty) VALUES ('Eduardo', 'Fernández', 'Cirugía Maxilofacial');
INSERT INTO dentists (first_name, last_name, specialty) VALUES ('Fernanda', 'Vásquez', 'Odontología General');
INSERT INTO dentists (first_name, last_name, specialty) VALUES ('Gabriel', 'Rojas', 'Prostodoncia');
INSERT INTO dentists (first_name, last_name, specialty) VALUES ('Hilda', 'Mora', 'Odontología General');
INSERT INTO dentists (first_name, last_name, specialty) VALUES ('Ignacio', 'Soto', 'Implantología');
INSERT INTO dentists (first_name, last_name, specialty) VALUES ('Jimena', 'Castro', 'Odontología Estética');
INSERT INTO dentists (first_name, last_name, specialty) VALUES ('Kevin', 'Méndez', 'Ortodoncia');
INSERT INTO dentists (first_name, last_name, specialty) VALUES ('Laura', 'Núñez', 'Periodoncia');
INSERT INTO dentists (first_name, last_name, specialty) VALUES ('Marcos', 'Leiva', 'Endodoncia');
INSERT INTO dentists (first_name, last_name, specialty) VALUES ('Natalia', 'Salazar', 'Odontopediatría');
INSERT INTO dentists (first_name, last_name, specialty) VALUES ('Óscar', 'Guerrero', 'Cirugía Maxilofacial');
INSERT INTO dentists (first_name, last_name, specialty) VALUES ('Paola', 'Araya', 'Odontología General');
INSERT INTO dentists (first_name, last_name, specialty) VALUES ('Quintín', 'Campos', 'Prostodoncia');
INSERT INTO dentists (first_name, last_name, specialty) VALUES ('Raquel', 'Solís', 'Odontología General');
INSERT INTO dentists (first_name, last_name, specialty) VALUES ('Sergio', 'Herrera', 'Implantología');
INSERT INTO dentists (first_name, last_name, specialty) VALUES ('Tatiana', 'Vega', 'Odontología Estética');
INSERT INTO dentists (first_name, last_name, specialty) VALUES ('Ulises', 'Chaves', 'Ortodoncia');
INSERT INTO dentists (first_name, last_name, specialty) VALUES ('Valeria', 'Jiménez', 'Periodoncia');
INSERT INTO dentists (first_name, last_name, specialty) VALUES ('Walter', 'Blanco', 'Endodoncia');
INSERT INTO dentists (first_name, last_name, specialty) VALUES ('Ximena', 'Cordero', 'Odontopediatría');
INSERT INTO dentists (first_name, last_name, specialty) VALUES ('Yahir', 'Delgado', 'Cirugía Maxilofacial');
INSERT INTO dentists (first_name, last_name, specialty) VALUES ('Zoe', 'Alfaro', 'Odontología General');
INSERT INTO dentists (first_name, last_name, specialty) VALUES ('Andrés', 'Brenes', 'Prostodoncia');
INSERT INTO dentists (first_name, last_name, specialty) VALUES ('Carolina', 'Duarte', 'Odontología General');
INSERT INTO dentists (first_name, last_name, specialty) VALUES ('David', 'Elizondo', 'Implantología');
INSERT INTO dentists (first_name, last_name, specialty) VALUES ('Elena', 'Fallas', 'Odontología Estética');
INSERT INTO dentists (first_name, last_name, specialty) VALUES ('Felipe', 'Granados', 'Ortodoncia');
INSERT INTO dentists (first_name, last_name, specialty) VALUES ('Gabriela', 'Hidalgo', 'Periodoncia');
INSERT INTO dentists (first_name, last_name, specialty) VALUES ('Hugo', 'Infante', 'Endodoncia');
INSERT INTO dentists (first_name, last_name, specialty) VALUES ('Irene', 'Juárez', 'Odontopediatría');
INSERT INTO dentists (first_name, last_name, specialty) VALUES ('Javier', 'Lara', 'Cirugía Maxilofacial');
INSERT INTO dentists (first_name, last_name, specialty) VALUES ('Karen', 'Masís', 'Odontología General');
INSERT INTO dentists (first_name, last_name, specialty) VALUES ('Luis', 'Navarro', 'Prostodoncia');
INSERT INTO dentists (first_name, last_name, specialty) VALUES ('Mónica', 'Obregón', 'Odontología General');
INSERT INTO dentists (first_name, last_name, specialty) VALUES ('Nicolás', 'Paniagua', 'Implantología');
INSERT INTO dentists (first_name, last_name, specialty) VALUES ('Olivia', 'Quesada', 'Odontología Estética');
INSERT INTO dentists (first_name, last_name, specialty) VALUES ('Pedro', 'Ríos', 'Ortodoncia');
INSERT INTO dentists (first_name, last_name, specialty) VALUES ('Rebeca', 'Segura', 'Periodoncia');
INSERT INTO dentists (first_name, last_name, specialty) VALUES ('Simón', 'Ureña', 'Endodoncia');
INSERT INTO dentists (first_name, last_name, specialty) VALUES ('Teresa', 'Vargas', 'Odontopediatría');
INSERT INTO dentists (first_name, last_name, specialty) VALUES ('Víctor', 'Zamora', 'Cirugía Maxilofacial');
INSERT INTO dentists (first_name, last_name, specialty) VALUES ('Wendy', 'Acosta', 'Odontología General');
INSERT INTO dentists (first_name, last_name, specialty) VALUES ('Xavier', 'Bolaños', 'Prostodoncia');
INSERT INTO dentists (first_name, last_name, specialty) VALUES ('Yolanda', 'Cerdas', 'Odontología General');
INSERT INTO dentists (first_name, last_name, specialty) VALUES ('Zacarías', 'Esquivel', 'Implantología');
INSERT INTO dentists (first_name, last_name, specialty) VALUES ('Adriana', 'Fonseca', 'Odontología Estética');
INSERT INTO dentists (first_name, last_name, specialty) VALUES ('Bruno', 'Guzmán', 'Ortodoncia');
INSERT INTO dentists (first_name, last_name, specialty) VALUES ('Clara', 'Hernández', 'Periodoncia');
INSERT INTO dentists (first_name, last_name, specialty) VALUES ('Daniel', 'Ibarra', 'Endodoncia');
INSERT INTO dentists (first_name, last_name, specialty) VALUES ('Ester', 'Jenkins', 'Odontopediatría');
INSERT INTO dentists (first_name, last_name, specialty) VALUES ('Federico', 'López', 'Cirugía Maxilofacial');
INSERT INTO dentists (first_name, last_name, specialty) VALUES ('Gloria', 'Martínez', 'Odontología General');
INSERT INTO dentists (first_name, last_name, specialty) VALUES ('Héctor', 'Noriega', 'Prostodoncia');
INSERT INTO dentists (first_name, last_name, specialty) VALUES ('Isabel', 'Ocampo', 'Odontología General');
INSERT INTO dentists (first_name, last_name, specialty) VALUES ('Julián', 'Pizarro', 'Implantología');
INSERT INTO dentists (first_name, last_name, specialty) VALUES ('Karla', 'Quirós', 'Odontología Estética');
INSERT INTO dentists (first_name, last_name, specialty) VALUES ('Leonardo', 'Rodríguez', 'Ortodoncia');
INSERT INTO dentists (first_name, last_name, specialty) VALUES ('Mariana', 'Sáenz', 'Periodoncia');
INSERT INTO dentists (first_name, last_name, specialty) VALUES ('Mario', 'Torres', 'Endodoncia');
INSERT INTO dentists (first_name, last_name, specialty) VALUES ('Noelia', 'Ulloa', 'Odontopediatría');
INSERT INTO dentists (first_name, last_name, specialty) VALUES ('Omar', 'Valverde', 'Cirugía Maxilofacial');
INSERT INTO dentists (first_name, last_name, specialty) VALUES ('Patricia', 'Zúñiga', 'Odontología General');
INSERT INTO dentists (first_name, last_name, specialty) VALUES ('Ricardo', 'Alvarado', 'Prostodoncia');
INSERT INTO dentists (first_name, last_name, specialty) VALUES ('Sandra', 'Benavides', 'Odontología General');
INSERT INTO dentists (first_name, last_name, specialty) VALUES ('Tomás', 'Castillo', 'Implantología');
INSERT INTO dentists (first_name, last_name, specialty) VALUES ('Úrsula', 'Dobles', 'Odontología Estética');
INSERT INTO dentists (first_name, last_name, specialty) VALUES ('Vicente', 'Echandi', 'Ortodoncia');
INSERT INTO dentists (first_name, last_name, specialty) VALUES ('Xochitl', 'Flores', 'Periodoncia');
INSERT INTO dentists (first_name, last_name, specialty) VALUES ('Yvonne', 'Gamboa', 'Endodoncia');
INSERT INTO dentists (first_name, last_name, specialty) VALUES ('Alberto', 'Jiménez', 'Odontopediatría');
INSERT INTO dentists (first_name, last_name, specialty) VALUES ('Brenda', 'Loria', 'Cirugía Maxilofacial');
INSERT INTO dentists (first_name, last_name, specialty) VALUES ('César', 'Monge', 'Odontología General');
INSERT INTO dentists (first_name, last_name, specialty) VALUES ('Daniela', 'Porras', 'Prostodoncia');
INSERT INTO dentists (first_name, last_name, specialty) VALUES ('Esteban', 'Quesada', 'Odontología General');
INSERT INTO dentists (first_name, last_name, specialty) VALUES ('Fabiola', 'Rojas', 'Implantología');
INSERT INTO dentists (first_name, last_name, specialty) VALUES ('Gerardo', 'Salas', 'Odontología Estética');
INSERT INTO dentists (first_name, last_name, specialty) VALUES ('Helga', 'Serrano', 'Ortodoncia');
INSERT INTO dentists (first_name, last_name, specialty) VALUES ('Iván', 'Valle', 'Periodoncia');
INSERT INTO dentists (first_name, last_name, specialty) VALUES ('Jacqueline', 'Zumbado', 'Endodoncia');
INSERT INTO dentists (first_name, last_name, specialty) VALUES ('Manuel', 'Aguilar', 'Odontopediatría');
INSERT INTO dentists (first_name, last_name, specialty) VALUES ('Nadia', 'Barquero', 'Cirugía Maxilofacial');
INSERT INTO dentists (first_name, last_name, specialty) VALUES ('Orlando', 'Céspedes', 'Odontología General');
INSERT INTO dentists (first_name, last_name, specialty) VALUES ('Penélope', 'Chinchilla', 'Prostodoncia');
INSERT INTO dentists (first_name, last_name, specialty) VALUES ('Ramón', 'Durán', 'Odontología General');
INSERT INTO dentists (first_name, last_name, specialty) VALUES ('Silvia', 'Espinoza', 'Implantología');
INSERT INTO dentists (first_name, last_name, specialty) VALUES ('Teodoro', 'Figueres', 'Odontología Estética');
INSERT INTO dentists (first_name, last_name, specialty) VALUES ('Verónica', 'Garnier', 'Ortodoncia');
INSERT INTO dentists (first_name, last_name, specialty) VALUES ('William', 'Henríquez', 'Periodoncia');
INSERT INTO dentists (first_name, last_name, specialty) VALUES ('Amanda', 'Iglesias', 'Endodoncia');
INSERT INTO dentists (first_name, last_name, specialty) VALUES ('Benjamín', 'Jara', 'Odontopediatría');
INSERT INTO dentists (first_name, last_name, specialty) VALUES ('Cristina', 'Lobo', 'Cirugía Maxilofacial');
INSERT INTO dentists (first_name, last_name, specialty) VALUES ('Diego', 'Marín', 'Odontología General');
INSERT INTO dentists (first_name, last_name, specialty) VALUES ('Emilia', 'Naranjo', 'Prostodoncia');
INSERT INTO dentists (first_name, last_name, specialty) VALUES ('Francisco', 'Orozco', 'Odontología General');
INSERT INTO dentists (first_name, last_name, specialty) VALUES ('Emilia', 'Naranjo', 'Prostodoncia');
INSERT INTO dentists (first_name, last_name, specialty) VALUES ('Francisco', 'Orozco', 'Odontología General');

-- Insertar 100 citas
INSERT INTO appointments (patient_id, dentist_id, date_time, reason) VALUES (1, 1, TO_TIMESTAMP('2023-01-10 09:00:00', 'YYYY-MM-DD HH24:MI:SS'), 'Consulta de ortodoncia');
INSERT INTO appointments (patient_id, dentist_id, date_time, reason) VALUES (2, 2, TO_TIMESTAMP('2023-01-10 10:00:00', 'YYYY-MM-DD HH24:MI:SS'), 'Limpieza y control periodontal');
INSERT INTO appointments (patient_id, dentist_id, date_time, reason) VALUES (3, 3, TO_TIMESTAMP('2023-01-11 11:00:00', 'YYYY-MM-DD HH24:MI:SS'), 'Evaluación para tratamiento de conducto');
INSERT INTO appointments (patient_id, dentist_id, date_time, reason) VALUES (4, 4, TO_TIMESTAMP('2023-01-11 12:00:00', 'YYYY-MM-DD HH24:MI:SS'), 'Primera consulta para niño de 5 años');
INSERT INTO appointments (patient_id, dentist_id, date_time, reason) VALUES (5, 5, TO_TIMESTAMP('2023-01-12 14:00:00', 'YYYY-MM-DD HH24:MI:SS'), 'Extracción de tercer molar');
INSERT INTO appointments (patient_id, dentist_id, date_time, reason) VALUES (6, 6, TO_TIMESTAMP('2023-01-12 15:00:00', 'YYYY-MM-DD HH24:MI:SS'), 'Revisión general y limpieza');
INSERT INTO appointments (patient_id, dentist_id, date_time, reason) VALUES (7, 7, TO_TIMESTAMP('2023-01-13 09:30:00', 'YYYY-MM-DD HH24:MI:SS'), 'Toma de impresiones para prótesis');
INSERT INTO appointments (patient_id, dentist_id, date_time, reason) VALUES (8, 8, TO_TIMESTAMP('2023-01-13 10:30:00', 'YYYY-MM-DD HH24:MI:SS'), 'Control de diabetes y salud oral');
INSERT INTO appointments (patient_id, dentist_id, date_time, reason) VALUES (9, 9, TO_TIMESTAMP('2023-01-14 11:30:00', 'YYYY-MM-DD HH24:MI:SS'), 'Evaluación para implante dental');
INSERT INTO appointments (patient_id, dentist_id, date_time, reason) VALUES (10, 10, TO_TIMESTAMP('2023-01-14 12:30:00', 'YYYY-MM-DD HH24:MI:SS'), 'Blanqueamiento dental');
INSERT INTO appointments (patient_id, dentist_id, date_time, reason) VALUES (11, 11, TO_TIMESTAMP('2023-01-15 14:30:00', 'YYYY-MM-DD HH24:MI:SS'), 'Ajuste de brackets');
INSERT INTO appointments (patient_id, dentist_id, date_time, reason) VALUES (12, 12, TO_TIMESTAMP('2023-01-15 15:30:00', 'YYYY-MM-DD HH24:MI:SS'), 'Tratamiento de gingivitis');
INSERT INTO appointments (patient_id, dentist_id, date_time, reason) VALUES (13, 13, TO_TIMESTAMP('2023-01-16 09:00:00', 'YYYY-MM-DD HH24:MI:SS'), 'Dolor en molar superior');
INSERT INTO appointments (patient_id, dentist_id, date_time, reason) VALUES (14, 14, TO_TIMESTAMP('2023-01-16 10:00:00', 'YYYY-MM-DD HH24:MI:SS'), 'Consulta para manejo de ansiedad dental');
INSERT INTO appointments (patient_id, dentist_id, date_time, reason) VALUES (15, 15, TO_TIMESTAMP('2023-01-17 11:00:00', 'YYYY-MM-DD HH24:MI:SS'), 'Control de caries en niño');
INSERT INTO appointments (patient_id, dentist_id, date_time, reason) VALUES (16, 16, TO_TIMESTAMP('2023-01-17 12:00:00', 'YYYY-MM-DD HH24:MI:SS'), 'Revisión de prótesis parcial');
INSERT INTO appointments (patient_id, dentist_id, date_time, reason) VALUES (17, 17, TO_TIMESTAMP('2023-01-18 14:00:00', 'YYYY-MM-DD HH24:MI:SS'), 'Toma de medidas para corona');
INSERT INTO appointments (patient_id, dentist_id, date_time, reason) VALUES (18, 18, TO_TIMESTAMP('2023-01-18 15:00:00', 'YYYY-MM-DD HH24:MI:SS'), 'Revisión general');
INSERT INTO appointments (patient_id, dentist_id, date_time, reason) VALUES (19, 19, TO_TIMESTAMP('2023-01-19 09:30:00', 'YYYY-MM-DD HH24:MI:SS'), 'Colocación de implante');
INSERT INTO appointments (patient_id, dentist_id, date_time, reason) VALUES (20, 20, TO_TIMESTAMP('2023-01-19 10:30:00', 'YYYY-MM-DD HH24:MI:SS'), 'Diseño de sonrisa');
INSERT INTO appointments (patient_id, dentist_id, date_time, reason) VALUES (21, 21, TO_TIMESTAMP('2023-01-20 11:30:00', 'YYYY-MM-DD HH24:MI:SS'), 'Cambio de ligas de ortodoncia');
INSERT INTO appointments (patient_id, dentist_id, date_time, reason) VALUES (22, 22, TO_TIMESTAMP('2023-01-20 12:30:00', 'YYYY-MM-DD HH24:MI:SS'), 'Raspado y alisado radicular');
INSERT INTO appointments (patient_id, dentist_id, date_time, reason) VALUES (23, 23, TO_TIMESTAMP('2023-01-21 14:30:00', 'YYYY-MM-DD HH24:MI:SS'), 'Inicio de tratamiento de conducto');
INSERT INTO appointments (patient_id, dentist_id, date_time, reason) VALUES (24, 24, TO_TIMESTAMP('2023-01-21 15:30:00', 'YYYY-MM-DD HH24:MI:SS'), 'Aplicación de flúor');
INSERT INTO appointments (patient_id, dentist_id, date_time, reason) VALUES (25, 25, TO_TIMESTAMP('2023-01-22 09:00:00', 'YYYY-MM-DD HH24:MI:SS'), 'Consulta post-quirúrgica');
INSERT INTO appointments (patient_id, dentist_id, date_time, reason) VALUES (26, 26, TO_TIMESTAMP('2023-01-22 10:00:00', 'YYYY-MM-DD HH24:MI:SS'), 'Restauración con resina');
INSERT INTO appointments (patient_id, dentist_id, date_time, reason) VALUES (27, 27, TO_TIMESTAMP('2023-01-23 11:00:00', 'YYYY-MM-DD HH24:MI:SS'), 'Prueba de prótesis fija');
INSERT INTO appointments (patient_id, dentist_id, date_time, reason) VALUES (28, 28, TO_TIMESTAMP('2023-01-23 12:00:00', 'YYYY-MM-DD HH24:MI:SS'), 'Instrucciones de higiene oral');
INSERT INTO appointments (patient_id, dentist_id, date_time, reason) VALUES (29, 29, TO_TIMESTAMP('2023-01-24 14:00:00', 'YYYY-MM-DD HH24:MI:SS'), 'Revisión de implante');
INSERT INTO appointments (patient_id, dentist_id, date_time, reason) VALUES (30, 30, TO_TIMESTAMP('2023-01-24 15:00:00', 'YYYY-MM-DD HH24:MI:SS'), 'Evaluación para carillas de porcelana');
INSERT INTO appointments (patient_id, dentist_id, date_time, reason) VALUES (31, 31, TO_TIMESTAMP('2023-01-25 09:30:00', 'YYYY-MM-DD HH24:MI:SS'), 'Consulta de seguimiento de ortodoncia');
INSERT INTO appointments (patient_id, dentist_id, date_time, reason) VALUES (32, 32, TO_TIMESTAMP('2023-01-25 10:30:00', 'YYYY-MM-DD HH24:MI:SS'), 'Control de enfermedad periodontal');
INSERT INTO appointments (patient_id, dentist_id, date_time, reason) VALUES (33, 33, TO_TIMESTAMP('2023-01-26 11:30:00', 'YYYY-MM-DD HH24:MI:SS'), 'Obturación de conductos');
INSERT INTO appointments (patient_id, dentist_id, date_time, reason) VALUES (34, 34, TO_TIMESTAMP('2023-01-26 12:30:00', 'YYYY-MM-DD HH24:MI:SS'), 'Sellantes de fosas y fisuras');
INSERT INTO appointments (patient_id, dentist_id, date_time, reason) VALUES (35, 35, TO_TIMESTAMP('2023-01-27 14:30:00', 'YYYY-MM-DD HH24:MI:SS'), 'Biopsia de lesión en mucosa');
INSERT INTO appointments (patient_id, dentist_id, date_time, reason) VALUES (36, 36, TO_TIMESTAMP('2023-01-27 15:30:00', 'YYYY-MM-DD HH24:MI:SS'), 'Reparación de diente fracturado');
INSERT INTO appointments (patient_id, dentist_id, date_time, reason) VALUES (37, 37, TO_TIMESTAMP('2023-01-28 09:00:00', 'YYYY-MM-DD HH24:MI:SS'), 'Prueba de estructura metálica para prótesis');
INSERT INTO appointments (patient_id, dentist_id, date_time, reason) VALUES (38, 38, TO_TIMESTAMP('2023-01-28 10:00:00', 'YYYY-MM-DD HH24:MI:SS'), 'Limpieza dental de rutina');
INSERT INTO appointments (patient_id, dentist_id, date_time, reason) VALUES (39, 39, TO_TIMESTAMP('2023-01-29 11:00:00', 'YYYY-MM-DD HH24:MI:SS'), 'Segunda fase de implante');
INSERT INTO appointments (patient_id, dentist_id, date_time, reason) VALUES (40, 40, TO_TIMESTAMP('2023-01-29 12:00:00', 'YYYY-MM-DD HH24:MI:SS'), 'Retoque de blanqueamiento');
INSERT INTO appointments (patient_id, dentist_id, date_time, reason) VALUES (41, 41, TO_TIMESTAMP('2023-01-30 14:00:00', 'YYYY-MM-DD HH24:MI:SS'), 'Retiro de brackets');
INSERT INTO appointments (patient_id, dentist_id, date_time, reason) VALUES (42, 42, TO_TIMESTAMP('2023-01-30 15:00:00', 'YYYY-MM-DD HH24:MI:SS'), 'Cirugía periodontal');
INSERT INTO appointments (patient_id, dentist_id, date_time, reason) VALUES (43, 43, TO_TIMESTAMP('2023-01-31 09:30:00', 'YYYY-MM-DD HH24:MI:SS'), 'Control post-endodoncia');
INSERT INTO appointments (patient_id, dentist_id, date_time, reason) VALUES (44, 44, TO_TIMESTAMP('2023-01-31 10:30:00', 'YYYY-MM-DD HH24:MI:SS'), 'Consulta de nutrición y salud oral');
INSERT INTO appointments (patient_id, dentist_id, date_time, reason) VALUES (45, 45, TO_TIMESTAMP('2023-02-01 11:30:00', 'YYYY-MM-DD HH24:MI:SS'), 'Extracción de premolar');
INSERT INTO appointments (patient_id, dentist_id, date_time, reason) VALUES (46, 46, TO_TIMESTAMP('2023-02-01 12:30:00', 'YYYY-MM-DD HH24:MI:SS'), 'Ajuste de prótesis total');
INSERT INTO appointments (patient_id, dentist_id, date_time, reason) VALUES (47, 47, TO_TIMESTAMP('2023-02-02 14:30:00', 'YYYY-MM-DD HH24:MI:SS'), 'Cementación de corona sobre implante');
INSERT INTO appointments (patient_id, dentist_id, date_time, reason) VALUES (48, 48, TO_TIMESTAMP('2023-02-02 15:30:00', 'YYYY-MM-DD HH24:MI:SS'), 'Revisión y pulido de restauraciones');
INSERT INTO appointments (patient_id, dentist_id, date_time, reason) VALUES (49, 49, TO_TIMESTAMP('2023-02-03 09:00:00', 'YYYY-MM-DD HH24:MI:SS'), 'Toma de radiografías panorámicas');
INSERT INTO appointments (patient_id, dentist_id, date_time, reason) VALUES (50, 50, TO_TIMESTAMP('2023-02-03 10:00:00', 'YYYY-MM-DD HH24:MI:SS'), 'Consulta por desgaste dental');
INSERT INTO appointments (patient_id, dentist_id, date_time, reason) VALUES (51, 1, TO_TIMESTAMP('2023-02-04 11:00:00', 'YYYY-MM-DD HH24:MI:SS'), 'Evaluación de ortodoncia');
INSERT INTO appointments (patient_id, dentist_id, date_time, reason) VALUES (52, 2, TO_TIMESTAMP('2023-02-04 12:00:00', 'YYYY-MM-DD HH24:MI:SS'), 'Mantenimiento periodontal');
INSERT INTO appointments (patient_id, dentist_id, date_time, reason) VALUES (53, 3, TO_TIMESTAMP('2023-02-05 14:00:00', 'YYYY-MM-DD HH24:MI:SS'), 'Dolor agudo en diente 26');
INSERT INTO appointments (patient_id, dentist_id, date_time, reason) VALUES (54, 4, TO_TIMESTAMP('2023-02-05 15:00:00', 'YYYY-MM-DD HH24:MI:SS'), 'Pulpotomía en molar temporal');
INSERT INTO appointments (patient_id, dentist_id, date_time, reason) VALUES (55, 5, TO_TIMESTAMP('2023-02-06 09:30:00', 'YYYY-MM-DD HH24:MI:SS'), 'Consulta para extracción de cordales');
INSERT INTO appointments (patient_id, dentist_id, date_time, reason) VALUES (56, 6, TO_TIMESTAMP('2023-02-06 10:30:00', 'YYYY-MM-DD HH24:MI:SS'), 'Caries en diente 15');
INSERT INTO appointments (patient_id, dentist_id, date_time, reason) VALUES (57, 7, TO_TIMESTAMP('2023-02-07 11:30:00', 'YYYY-MM-DD HH24:MI:SS'), 'Cementación de prótesis removible');
INSERT INTO appointments (patient_id, dentist_id, date_time, reason) VALUES (58, 8, TO_TIMESTAMP('2023-02-07 12:30:00', 'YYYY-MM-DD HH24:MI:SS'), 'Revisión semestral');
INSERT INTO appointments (patient_id, dentist_id, date_time, reason) VALUES (59, 9, TO_TIMESTAMP('2023-02-08 14:30:00', 'YYYY-MM-DD HH24:MI:SS'), 'Planificación de implantes múltiples');
INSERT INTO appointments (patient_id, dentist_id, date_time, reason) VALUES (60, 10, TO_TIMESTAMP('2023-02-08 15:30:00', 'YYYY-MM-DD HH24:MI:SS'), 'Consulta estética');
INSERT INTO appointments (patient_id, dentist_id, date_time, reason) VALUES (61, 11, TO_TIMESTAMP('2023-02-09 09:00:00', 'YYYY-MM-DD HH24:MI:SS'), 'Instalación de aparatos de ortodoncia');
INSERT INTO appointments (patient_id, dentist_id, date_time, reason) VALUES (62, 12, TO_TIMESTAMP('2023-02-09 10:00:00', 'YYYY-MM-DD HH24:MI:SS'), 'Tratamiento de recesión gingival');
INSERT INTO appointments (patient_id, dentist_id, date_time, reason) VALUES (63, 13, TO_TIMESTAMP('2023-02-10 11:00:00', 'YYYY-MM-DD HH24:MI:SS'), 'Retratamiento de conducto');
INSERT INTO appointments (patient_id, dentist_id, date_time, reason) VALUES (64, 14, TO_TIMESTAMP('2023-02-10 12:00:00', 'YYYY-MM-DD HH24:MI:SS'), 'Terapia de comportamiento para fobia dental');
INSERT INTO appointments (patient_id, dentist_id, date_time, reason) VALUES (65, 15, TO_TIMESTAMP('2023-02-11 14:00:00', 'YYYY-MM-DD HH24:MI:SS'), 'Extracción de diente temporal');
INSERT INTO appointments (patient_id, dentist_id, date_time, reason) VALUES (66, 16, TO_TIMESTAMP('2023-02-11 15:00:00', 'YYYY-MM-DD HH24:MI:SS'), 'Rebase de prótesis');
INSERT INTO appointments (patient_id, dentist_id, date_time, reason) VALUES (67, 17, TO_TIMESTAMP('2023-02-12 09:30:00', 'YYYY-MM-DD HH24:MI:SS'), 'Cementación de corona provisional');
INSERT INTO appointments (patient_id, dentist_id, date_time, reason) VALUES (68, 18, TO_TIMESTAMP('2023-02-12 10:30:00', 'YYYY-MM-DD HH24:MI:SS'), 'Diagnóstico y plan de tratamiento');
INSERT INTO appointments (patient_id, dentist_id, date_time, reason) VALUES (69, 19, TO_TIMESTAMP('2023-02-13 11:30:00', 'YYYY-MM-DD HH24:MI:SS'), 'Control post-operatorio de implante');
INSERT INTO appointments (patient_id, dentist_id, date_time, reason) VALUES (70, 20, TO_TIMESTAMP('2023-02-13 12:30:00', 'YYYY-MM-DD HH24:MI:SS'), 'Mock-up estético');
INSERT INTO appointments (patient_id, dentist_id, date_time, reason) VALUES (71, 21, TO_TIMESTAMP('2023-02-14 14:30:00', 'YYYY-MM-DD HH24:MI:SS'), 'Ajuste de arco de ortodoncia');
INSERT INTO appointments (patient_id, dentist_id, date_time, reason) VALUES (72, 22, TO_TIMESTAMP('2023-02-14 15:30:00', 'YYYY-MM-DD HH24:MI:SS'), 'Evaluación de bolsas periodontales');
INSERT INTO appointments (patient_id, dentist_id, date_time, reason) VALUES (73, 23, TO_TIMESTAMP('2023-02-15 09:00:00', 'YYYY-MM-DD HH24:MI:SS'), 'Prueba de vitalidad pulpar');
INSERT INTO appointments (patient_id, dentist_id, date_time, reason) VALUES (74, 24, TO_TIMESTAMP('2023-02-15 10:00:00', 'YYYY-MM-DD HH24:MI:SS'), 'Consulta de odontología para bebé');
INSERT INTO appointments (patient_id, dentist_id, date_time, reason) VALUES (75, 25, TO_TIMESTAMP('2023-02-16 11:00:00', 'YYYY-MM-DD HH24:MI:SS'), 'Retiro de suturas');
INSERT INTO appointments (patient_id, dentist_id, date_time, reason) VALUES (76, 26, TO_TIMESTAMP('2023-02-16 12:00:00', 'YYYY-MM-DD HH24:MI:SS'), 'Restauración de amalgama');
INSERT INTO appointments (patient_id, dentist_id, date_time, reason) VALUES (77, 27, TO_TIMESTAMP('2023-02-17 14:00:00', 'YYYY-MM-DD HH24:MI:SS'), 'Prueba de puente en boca');
INSERT INTO appointments (patient_id, dentist_id, date_time, reason) VALUES (78, 28, TO_TIMESTAMP('2023-02-17 15:00:00', 'YYYY-MM-DD HH24:MI:SS'), 'Control de placa bacteriana');
INSERT INTO appointments (patient_id, dentist_id, date_time, reason) VALUES (79, 29, TO_TIMESTAMP('2023-02-18 09:30:00', 'YYYY-MM-DD HH24:MI:SS'), 'Activación de pilar de cicatrización');
INSERT INTO appointments (patient_id, dentist_id, date_time, reason) VALUES (80, 30, TO_TIMESTAMP('2023-02-18 10:30:00', 'YYYY-MM-DD HH24:MI:SS'), 'Preparación para carillas');
INSERT INTO appointments (patient_id, dentist_id, date_time, reason) VALUES (81, 31, TO_TIMESTAMP('2023-02-19 11:30:00', 'YYYY-MM-DD HH24:MI:SS'), 'Toma de modelos para retenedores');
INSERT INTO appointments (patient_id, dentist_id, date_time, reason) VALUES (82, 32, TO_TIMESTAMP('2023-02-19 12:30:00', 'YYYY-MM-DD HH24:MI:SS'), 'Injerto de tejido conectivo');
INSERT INTO appointments (patient_id, dentist_id, date_time, reason) VALUES (83, 33, TO_TIMESTAMP('2023-02-20 14:30:00', 'YYYY-MM-DD HH24:MI:SS'), 'Apicectomía');
INSERT INTO appointments (patient_id, dentist_id, date_time, reason) VALUES (84, 34, TO_TIMESTAMP('2023-02-20 15:30:00', 'YYYY-MM-DD HH24:MI:SS'), 'Tratamiento de traumatismo dental');
INSERT INTO appointments (patient_id, dentist_id, date_time, reason) VALUES (85, 35, TO_TIMESTAMP('2023-02-21 09:00:00', 'YYYY-MM-DD HH24:MI:SS'), 'Frenectomía labial');
INSERT INTO appointments (patient_id, dentist_id, date_time, reason) VALUES (86, 36, TO_TIMESTAMP('2023-02-21 10:00:00', 'YYYY-MM-DD HH24:MI:SS'), 'Pulido dental');
INSERT INTO appointments (patient_id, dentist_id, date_time, reason) VALUES (87, 37, TO_TIMESTAMP('2023-02-22 11:00:00', 'YYYY-MM-DD HH24:MI:SS'), 'Cementación de puente Maryland');
INSERT INTO appointments (patient_id, dentist_id, date_time, reason) VALUES (88, 38, TO_TIMESTAMP('2023-02-22 12:00:00', 'YYYY-MM-DD HH24:MI:SS'), 'Revisión anual');
INSERT INTO appointments (patient_id, dentist_id, date_time, reason) VALUES (89, 39, TO_TIMESTAMP('2023-02-23 14:00:00', 'YYYY-MM-DD HH24:MI:SS'), 'Elevación de seno maxilar');
INSERT INTO appointments (patient_id, dentist_id, date_time, reason) VALUES (90, 40, TO_TIMESTAMP('2023-02-23 15:00:00', 'YYYY-MM-DD HH24:MI:SS'), 'Aplicación de desensibilizante');
INSERT INTO appointments (patient_id, dentist_id, date_time, reason) VALUES (91, 41, TO_TIMESTAMP('2023-02-24 09:30:00', 'YYYY-MM-DD HH24:MI:SS'), 'Consulta de ortopedia maxilar');
INSERT INTO appointments (patient_id, dentist_id, date_time, reason) VALUES (92, 42, TO_TIMESTAMP('2023-02-24 10:30:00', 'YYYY-MM-DD HH24:MI:SS'), 'Curetaje subgingival');
INSERT INTO appointments (patient_id, dentist_id, date_time, reason) VALUES (93, 43, TO_TIMESTAMP('2023-02-25 11:30:00', 'YYYY-MM-DD HH24:MI:SS'), 'Emergencia por absceso dental');
INSERT INTO appointments (patient_id, dentist_id, date_time, reason) VALUES (94, 44, TO_TIMESTAMP('2023-02-25 12:30:00', 'YYYY-MM-DD HH24:MI:SS'), 'Adaptación de mantenedor de espacio');
INSERT INTO appointments (patient_id, dentist_id, date_time, reason) VALUES (95, 45, TO_TIMESTAMP('2023-02-26 14:30:00', 'YYYY-MM-DD HH24:MI:SS'), 'Cirugía ortognática - consulta');
INSERT INTO appointments (patient_id, dentist_id, date_time, reason) VALUES (96, 46, TO_TIMESTAMP('2023-02-26 15:30:00', 'YYYY-MM-DD HH24:MI:SS'), 'Reemplazo de restauración defectuosa');
INSERT INTO appointments (patient_id, dentist_id, date_time, reason) VALUES (97, 47, TO_TIMESTAMP('2023-02-27 09:00:00', 'YYYY-MM-DD HH24:MI:SS'), 'Prueba de cofia para corona');
INSERT INTO appointments (patient_id, dentist_id, date_time, reason) VALUES (98, 48, TO_TIMESTAMP('2023-02-27 10:00:00', 'YYYY-MM-DD HH24:MI:SS'), 'Limpieza de prótesis');
INSERT INTO appointments (patient_id, dentist_id, date_time, reason) VALUES (99, 49, TO_TIMESTAMP('2023-02-28 11:00:00', 'YYYY-MM-DD HH24:MI:SS'), 'Regeneración ósea guiada');
INSERT INTO appointments (patient_id, dentist_id, date_time, reason) VALUES (100, 50, TO_TIMESTAMP('2023-02-28 12:00:00', 'YYYY-MM-DD HH24:MI:SS'), 'Consulta por sensibilidad dental');

-- Insertar dientes (numeración FDI)
-- Permanentes
INSERT INTO teeth (tooth_number, description) VALUES ('11', 'Incisivo Central Superior Derecho');
INSERT INTO teeth (tooth_number, description) VALUES ('12', 'Incisivo Lateral Superior Derecho');
INSERT INTO teeth (tooth_number, description) VALUES ('13', 'Canino Superior Derecho');
INSERT INTO teeth (tooth_number, description) VALUES ('14', 'Primer Premolar Superior Derecho');
INSERT INTO teeth (tooth_number, description) VALUES ('15', 'Segundo Premolar Superior Derecho');
INSERT INTO teeth (tooth_number, description) VALUES ('16', 'Primer Molar Superior Derecho');
INSERT INTO teeth (tooth_number, description) VALUES ('17', 'Segundo Molar Superior Derecho');
INSERT INTO teeth (tooth_number, description) VALUES ('18', 'Tercer Molar Superior Derecho (Muela del Juicio)');
INSERT INTO teeth (tooth_number, description) VALUES ('21', 'Incisivo Central Superior Izquierdo');
INSERT INTO teeth (tooth_number, description) VALUES ('22', 'Incisivo Lateral Superior Izquierdo');
INSERT INTO teeth (tooth_number, description) VALUES ('23', 'Canino Superior Izquierdo');
INSERT INTO teeth (tooth_number, description) VALUES ('24', 'Primer Premolar Superior Izquierdo');
INSERT INTO teeth (tooth_number, description) VALUES ('25', 'Segundo Premolar Superior Izquierdo');
INSERT INTO teeth (tooth_number, description) VALUES ('26', 'Primer Molar Superior Izquierdo');
INSERT INTO teeth (tooth_number, description) VALUES ('27', 'Segundo Molar Superior Izquierdo');
INSERT INTO teeth (tooth_number, description) VALUES ('28', 'Tercer Molar Superior Izquierdo (Muela del Juicio)');
INSERT INTO teeth (tooth_number, description) VALUES ('31', 'Incisivo Central Inferior Izquierdo');
INSERT INTO teeth (tooth_number, description) VALUES ('32', 'Incisivo Lateral Inferior Izquierdo');
INSERT INTO teeth (tooth_number, description) VALUES ('33', 'Canino Inferior Izquierdo');
INSERT INTO teeth (tooth_number, description) VALUES ('34', 'Primer Premolar Inferior Izquierdo');
INSERT INTO teeth (tooth_number, description) VALUES ('35', 'Segundo Premolar Inferior Izquierdo');
INSERT INTO teeth (tooth_number, description) VALUES ('36', 'Primer Molar Inferior Izquierdo');
INSERT INTO teeth (tooth_number, description) VALUES ('37', 'Segundo Molar Inferior Izquierdo');
INSERT INTO teeth (tooth_number, description) VALUES ('38', 'Tercer Molar Inferior Izquierdo (Muela del Juicio)');
INSERT INTO teeth (tooth_number, description) VALUES ('41', 'Incisivo Central Inferior Derecho');
INSERT INTO teeth (tooth_number, description) VALUES ('42', 'Incisivo Lateral Inferior Derecho');
INSERT INTO teeth (tooth_number, description) VALUES ('43', 'Canino Inferior Derecho');
INSERT INTO teeth (tooth_number, description) VALUES ('44', 'Primer Premolar Inferior Derecho');
INSERT INTO teeth (tooth_number, description) VALUES ('45', 'Segundo Premolar Inferior Derecho');
INSERT INTO teeth (tooth_number, description) VALUES ('46', 'Primer Molar Inferior Derecho');
INSERT INTO teeth (tooth_number, description) VALUES ('47', 'Segundo Molar Inferior Derecho');
INSERT INTO teeth (tooth_number, description) VALUES ('48', 'Tercer Molar Inferior Derecho (Muela del Juicio)');
-- Temporales (de leche)
INSERT INTO teeth (tooth_number, description) VALUES ('51', 'Incisivo Central Superior Derecho Temporal');
INSERT INTO teeth (tooth_number, description) VALUES ('52', 'Incisivo Lateral Superior Derecho Temporal');
INSERT INTO teeth (tooth_number, description) VALUES ('53', 'Canino Superior Derecho Temporal');
INSERT INTO teeth (tooth_number, description) VALUES ('54', 'Primer Molar Superior Derecho Temporal');
INSERT INTO teeth (tooth_number, description) VALUES ('55', 'Segundo Molar Superior Derecho Temporal');
INSERT INTO teeth (tooth_number, description) VALUES ('61', 'Incisivo Central Superior Izquierdo Temporal');
INSERT INTO teeth (tooth_number, description) VALUES ('62', 'Incisivo Lateral Superior Izquierdo Temporal');
INSERT INTO teeth (tooth_number, description) VALUES ('63', 'Canino Superior Izquierdo Temporal');
INSERT INTO teeth (tooth_number, description) VALUES ('64', 'Primer Molar Superior Izquierdo Temporal');
INSERT INTO teeth (tooth_number, description) VALUES ('65', 'Segundo Molar Superior Izquierdo Temporal');
INSERT INTO teeth (tooth_number, description) VALUES ('71', 'Incisivo Central Inferior Izquierdo Temporal');
INSERT INTO teeth (tooth_number, description) VALUES ('72', 'Incisivo Lateral Inferior Izquierdo Temporal');
INSERT INTO teeth (tooth_number, description) VALUES ('73', 'Canino Inferior Izquierdo Temporal');
INSERT INTO teeth (tooth_number, description) VALUES ('74', 'Primer Molar Inferior Izquierdo Temporal');
INSERT INTO teeth (tooth_number, description) VALUES ('75', 'Segundo Molar Inferior Izquierdo Temporal');
INSERT INTO teeth (tooth_number, description) VALUES ('81', 'Incisivo Central Inferior Derecho Temporal');
INSERT INTO teeth (tooth_number, description) VALUES ('82', 'Incisivo Lateral Inferior Derecho Temporal');
INSERT INTO teeth (tooth_number, description) VALUES ('83', 'Canino Inferior Derecho Temporal');
INSERT INTO teeth (tooth_number, description) VALUES ('84', 'Primer Molar Inferior Derecho Temporal');
INSERT INTO teeth (tooth_number, description) VALUES ('85', 'Segundo Molar Inferior Derecho Temporal');
-- (Se insertan 52 dientes estándar, 32 permanentes y 20 temporales. Se agregan 48 registros genéricos para llegar a 100)
INSERT INTO teeth (tooth_number, description) VALUES ('S1', 'Supernumerario Mesiodens');
INSERT INTO teeth (tooth_number, description) VALUES ('S2', 'Supernumerario Distomolar');
INSERT INTO teeth (tooth_number, description) VALUES ('S3', 'Supernumerario Paramolar');
INSERT INTO teeth (tooth_number, description) VALUES ('S4', 'Supernumerario Peridens');
INSERT INTO teeth (tooth_number, description) VALUES ('S5', 'Supernumerario en región de premolares');
INSERT INTO teeth (tooth_number, description) VALUES ('S6', 'Supernumerario en región de incisivos');
INSERT INTO teeth (tooth_number, description) VALUES ('S7', 'Supernumerario fusionado');
INSERT INTO teeth (tooth_number, description) VALUES ('S8', 'Supernumerario geminado');
INSERT INTO teeth (tooth_number, description) VALUES ('S9', 'Supernumerario conoide');
INSERT INTO teeth (tooth_number, description) VALUES ('S10', 'Supernumerario tuberculado');
INSERT INTO teeth (tooth_number, description) VALUES ('A1', 'Diente ausente congénitamente (Agenesia)');
INSERT INTO teeth (tooth_number, description) VALUES ('A2', 'Diente ausente por extracción');
INSERT INTO teeth (tooth_number, description) VALUES ('A3', 'Diente ausente por traumatismo');
INSERT INTO teeth (tooth_number, description) VALUES ('I1', 'Diente incluido/impactado');
INSERT INTO teeth (tooth_number, description) VALUES ('I2', 'Diente semi-incluido');
INSERT INTO teeth (tooth_number, description) VALUES ('I3', 'Canino superior incluido');
INSERT INTO teeth (tooth_number, description) VALUES ('I4', 'Tercer molar inferior impactado');
INSERT INTO teeth (tooth_number, description) VALUES ('M1', 'Microdoncia de incisivo lateral');
INSERT INTO teeth (tooth_number, description) VALUES ('M2', 'Macrodoncia de incisivo central');
INSERT INTO teeth (tooth_number, description) VALUES ('R1', 'Raíz supernumeraria');
INSERT INTO teeth (tooth_number, description) VALUES ('R2', 'Raíz dilacerada');
INSERT INTO teeth (tooth_number, description) VALUES ('R3', 'Raíz fusionada');
INSERT INTO teeth (tooth_number, description) VALUES ('C1', 'Cúspide en garra (Talon Cusp)');
INSERT INTO teeth (tooth_number, description) VALUES ('C2', 'Cúspide de Carabelli');
INSERT INTO teeth (tooth_number, description) VALUES ('D1', 'Dens in dente (Dens invaginatus)');
INSERT INTO teeth (tooth_number, description) VALUES ('D2', 'Dens evaginatus');
INSERT INTO teeth (tooth_number, description) VALUES ('F1', 'Fusión dental');
INSERT INTO teeth (tooth_number, description) VALUES ('G1', 'Geminación dental');
INSERT INTO teeth (tooth_number, description) VALUES ('T1', 'Taurodontismo');
INSERT INTO teeth (tooth_number, description) VALUES ('H1', 'Hipoplasia del esmalte');
INSERT INTO teeth (tooth_number, description) VALUES ('H2', 'Hipocalcificación del esmalte');
INSERT INTO teeth (tooth_number, description) VALUES ('AI', 'Amelogénesis Imperfecta');
INSERT INTO teeth (tooth_number, description) VALUES ('DI', 'Dentinogénesis Imperfecta');
INSERT INTO teeth (tooth_number, description) VALUES ('OD', 'Displasia Odontomaxilar');
INSERT INTO teeth (tooth_number, description) VALUES ('P1', 'Perla del esmalte');
INSERT INTO teeth (tooth_number, description) VALUES ('CON1', 'Concrescencia');
INSERT INTO teeth (tooth_number, description) VALUES ('TRA1', 'Transposición dental');
INSERT INTO teeth (tooth_number, description) VALUES ('ECT1', 'Erupción ectópica');
INSERT INTO teeth (tooth_number, description) VALUES ('ROT1', 'Diente rotado');
INSERT INTO teeth (tooth_number, description) VALUES ('EXT1', 'Diente extruido');
INSERT INTO teeth (tooth_number, description) VALUES ('INT1', 'Diente intruido');
INSERT INTO teeth (tooth_number, description) VALUES ('ANC1', 'Anquilosis dental');
INSERT INTO teeth (tooth_number, description) VALUES ('RR1', 'Reabsorción radicular interna');
INSERT INTO teeth (tooth_number, description) VALUES ('RR2', 'Reabsorción radicular externa');
INSERT INTO teeth (tooth_number, description) VALUES ('HC1', 'Hipercementosis');
INSERT INTO teeth (tooth_number, description) VALUES ('PD1', 'Póntico de puente fijo');
INSERT INTO teeth (tooth_number, description) VALUES ('IMP1', 'Implante dental unitario');

-- Insertar 100 tratamientos
INSERT INTO treatments (name, description, cost) VALUES ('Limpieza Dental (Profilaxis)', 'Eliminación de placa y cálculo supragingival.', 50.00);
INSERT INTO treatments (name, description, cost) VALUES ('Restauración de Resina (Obturación)', 'Eliminación de caries y restauración con resina compuesta.', 80.00);
INSERT INTO treatments (name, description, cost) VALUES ('Blanqueamiento Dental', 'Tratamiento para aclarar el color de los dientes.', 250.00);
INSERT INTO treatments (name, description, cost) VALUES ('Tratamiento de Conducto (Endodoncia)', 'Eliminación de la pulpa dental infectada y sellado de conductos.', 400.00);
INSERT INTO treatments (name, description, cost) VALUES ('Extracción Dental Simple', 'Extracción de un diente sin complicaciones quirúrgicas.', 100.00);
INSERT INTO treatments (name, description, cost) VALUES ('Extracción de Tercer Molar (Muela del Juicio)', 'Extracción quirúrgica de un tercer molar.', 250.00);
INSERT INTO treatments (name, description, cost) VALUES ('Corona de Porcelana', 'Funda dental para cubrir un diente dañado.', 600.00);
INSERT INTO treatments (name, description, cost) VALUES ('Implante Dental (Fase Quirúrgica)', 'Colocación del tornillo de titanio en el hueso maxilar.', 1200.00);
INSERT INTO treatments (name, description, cost) VALUES ('Implante Dental (Corona sobre Implante)', 'Colocación de la corona sobre el implante ya integrado.', 800.00);
INSERT INTO treatments (name, description, cost) VALUES ('Ortodoncia (Brackets Metálicos)', 'Tratamiento completo con brackets metálicos.', 2500.00);
INSERT INTO treatments (name, description, cost) VALUES ('Raspado y Alisado Radicular (Curetaje)', 'Limpieza profunda subgingival por cuadrante.', 150.00);
INSERT INTO treatments (name, description, cost) VALUES ('Prótesis Parcial Removible', 'Aparato para reemplazar varios dientes ausentes.', 700.00);
INSERT INTO treatments (name, description, cost) VALUES ('Prótesis Total (Completa)', 'Aparato para reemplazar todos los dientes de una arcada.', 1000.00);
INSERT INTO treatments (name,description, cost) VALUES ('Carillas de Porcelana', 'Láminas finas de porcelana para mejorar la estética dental.', 750.00);
INSERT INTO treatments (name, description, cost) VALUES ('Sellantes de Fosas y Fisuras', 'Capa protectora para prevenir caries en molares.', 40.00);
INSERT INTO treatments (name, description, cost) VALUES ('Férula de Descarga (Bruxismo)', 'Placa para proteger los dientes del rechinamiento.', 200.00);
INSERT INTO treatments (name, description, cost) VALUES ('Gingivectomía', 'Procedimiento quirúrgico para remover tejido gingival.', 300.00);
INSERT INTO treatments (name, description, cost) VALUES ('Apicectomía', 'Cirugía para remover la punta de la raíz de un diente.', 500.00);
INSERT INTO treatments (name, description, cost) VALUES ('Puente Fijo de 3 Unidades', 'Prótesis para reemplazar un diente ausente apoyada en los vecinos.', 1500.00);
INSERT INTO treatments (name, description, cost) VALUES ('Aplicación de Flúor', 'Tratamiento para fortalecer el esmalte dental.', 30.00);
INSERT INTO treatments (name, description, cost) VALUES ('Consulta de Diagnóstico', 'Examen clínico, diagnóstico y plan de tratamiento.', 40.00);
INSERT INTO treatments (name, description, cost) VALUES ('Radiografía Periapical', 'Imagen radiográfica de un diente completo.', 15.00);
INSERT INTO treatments (name, description, cost) VALUES ('Radiografía Panorámica (Ortopantomografía)', 'Imagen radiográfica de toda la boca.', 60.00);
INSERT INTO treatments (name, description, cost) VALUES ('Mantenedor de Espacio', 'Aparato para mantener el espacio de un diente temporal perdido.', 180.00);
INSERT INTO treatments (name, description, cost) VALUES ('Pulpotomía', 'Tratamiento pulpar en dientes temporales.', 90.00);
INSERT INTO treatments (name, description, cost) VALUES ('Restauración de Ionómero de Vidrio', 'Obturación con material de ionómero de vidrio.', 70.00);
INSERT INTO treatments (name, description, cost) VALUES ('Incrustación de Porcelana (Inlay/Onlay)', 'Restauración indirecta para cavidades grandes.', 450.00);
INSERT INTO treatments (name, description, cost) VALUES ('Frenectomía', 'Remoción quirúrgica de un frenillo (labial o lingual).', 250.00);
INSERT INTO treatments (name, description, cost) VALUES ('Injerto de Hueso', 'Procedimiento para aumentar la cantidad de hueso.', 800.00);
INSERT INTO treatments (name, description, cost) VALUES ('Elevación de Seno Maxilar', 'Cirugía para aumentar el hueso en el maxilar superior.', 1500.00);
INSERT INTO treatments (name, description, cost) VALUES ('Ortodoncia Invisible (Alineadores)', 'Tratamiento completo con alineadores transparentes.', 4000.00);
INSERT INTO treatments (name, description, cost) VALUES ('Reparación de Prótesis', 'Arreglo de fracturas o dientes en prótesis removibles.', 80.00);
INSERT INTO treatments (name, description, cost) VALUES ('Poste y Reconstrucción de Muñón', 'Estructura para reforzar un diente tratado endodónticamente.', 200.00);
INSERT INTO treatments (name, description, cost) VALUES ('Blanqueamiento Interno', 'Aclaramiento de un diente no vital (oscurecido).', 150.00);
INSERT INTO treatments (name, description, cost) VALUES ('Cirugía de Colgajo Periodontal', 'Cirugía para tratar bolsas periodontales profundas.', 600.00);
INSERT INTO treatments (name, description, cost) VALUES ('Corona de Zirconio', 'Funda dental de alta estética y resistencia.', 800.00);
INSERT INTO treatments (name, description, cost) VALUES ('Tomografía Computarizada (CBCT)', 'Imagen 3D para diagnóstico avanzado.', 150.00);
INSERT INTO treatments (name, description, cost) VALUES ('Sedación Consciente (Óxido Nitroso)', 'Administración de gas para reducir la ansiedad.', 100.00);
INSERT INTO treatments (name, description, cost) VALUES ('Tratamiento de Halitosis', 'Diagnóstico y tratamiento del mal aliento.', 120.00);
INSERT INTO treatments (name, description, cost) VALUES ('Biopsia de Tejido Oral', 'Toma de muestra de una lesión para análisis.', 200.00);
INSERT INTO treatments (name, description, cost) VALUES ('Corona de Acero Cromo (Niños)', 'Corona preformada para molares temporales.', 120.00);
INSERT INTO treatments (name, description, cost) VALUES ('Ajuste Oclusal', 'Desgaste selectivo para mejorar la mordida.', 90.00);
INSERT INTO treatments (name, description, cost) VALUES ('Retenedores de Ortodoncia (Par)', 'Aparatos para mantener los resultados de la ortodoncia.', 300.00);
INSERT INTO treatments (name, description, cost) VALUES ('Puente Maryland', 'Puente adhesivo conservador.', 900.00);
INSERT INTO treatments (name, description, cost) VALUES ('Tratamiento de Hipersensibilidad', 'Aplicación de agentes desensibilizantes.', 50.00);
INSERT INTO treatments (name, description, cost) VALUES ('Drenaje de Absceso', 'Incisión y drenaje de una infección aguda.', 80.00);
INSERT INTO treatments (name, description, cost) VALUES ('Sobredentadura sobre Implantes', 'Prótesis total removible soportada por implantes.', 3500.00);
INSERT INTO treatments (name, description, cost) VALUES ('Regeneración Tisular Guiada', 'Procedimiento para regenerar hueso y tejido periodontal.', 900.00);
INSERT INTO treatments (name, description, cost) VALUES ('Alargamiento de Corona Clínico', 'Cirugía para exponer más estructura dental.', 350.00);
INSERT INTO treatments (name, description, cost) VALUES ('Restauración Temporal', 'Obturación provisional.', 40.00);
INSERT INTO treatments (name, description, cost) VALUES ('Cita de Emergencia', 'Atención de urgencia fuera de horario.', 150.00);
INSERT INTO treatments (name, description, cost) VALUES ('Estudio Cefalométrico', 'Análisis de radiografía lateral de cráneo para ortodoncia.', 70.00);
INSERT INTO treatments (name, description, cost) VALUES ('Microcirugía Endodóntica', 'Procedimientos endodónticos con microscopio.', 700.00);
INSERT INTO treatments (name, description, cost) VALUES ('Tratamiento de Periimplantitis', 'Tratamiento de la infección alrededor de un implante.', 300.00);
INSERT INTO treatments (name, description, cost) VALUES ('Injerto de Tejido Conectivo', 'Cirugía para cubrir recesiones gingivales.', 750.00);
INSERT INTO treatments (name, description, cost) VALUES ('Exodoncia de Diente Anquilosado', 'Extracción compleja de diente fusionado al hueso.', 300.00);
INSERT INTO treatments (name, description, cost) VALUES ('Contorneado Estético Dental', 'Pequeños desgastes para mejorar la forma de los dientes.', 150.00);
INSERT INTO treatments (name, description, cost) VALUES ('Prótesis Híbrida sobre Implantes', 'Prótesis fija atornillada sobre implantes.', 12000.00);
INSERT INTO treatments (name, description, cost) VALUES ('Terapia Fotodinámica', 'Uso de láser para desinfección en periodoncia/endodoncia.', 100.00);
INSERT INTO treatments (name, description, cost) VALUES ('Rebase de Prótesis', 'Reajuste de la base de una prótesis para mejorar su adaptación.', 120.00);
INSERT INTO treatments (name, description, cost) VALUES ('Tratamiento de Avulsión Dental', 'Reimplantación de un diente que ha salido de su alvéolo.', 200.00);
INSERT INTO treatments (name, description, cost) VALUES ('Cierre de Diastema', 'Cierre de espacio entre dientes con resina.', 250.00);
INSERT INTO treatments (name, description, cost) VALUES ('Corona E-max', 'Corona de disilicato de litio de alta estética.', 750.00);
INSERT INTO treatments (name, description, cost) VALUES ('Anclaje Esquelético (Microtornillos)', 'Uso de microtornillos para anclaje en ortodoncia.', 200.00);
INSERT INTO treatments (name, description, cost) VALUES ('Tratamiento de Mucositis Oral', 'Manejo de la inflamación de las mucosas.', 60.00);
INSERT INTO treatments (name, description, cost) VALUES ('Férula Periodontal', 'Ferulización de dientes con movilidad.', 180.00);
INSERT INTO treatments (name, description, cost) VALUES ('Cirugía Ortognática', 'Cirugía de los maxilares para corregir deformidades.', 15000.00);
INSERT INTO treatments (name, description, cost) VALUES ('Distracción Osteogénica', 'Técnica quirúrgica para formar nuevo hueso.', 5000.00);
INSERT INTO treatments (name, description, cost) VALUES ('Tratamiento de Trastorno Temporomandibular (ATM)', 'Manejo del dolor y disfunción de la articulación.', 250.00);
INSERT INTO treatments (name, description, cost) VALUES ('Odontología Geriátrica - Consulta', 'Consulta adaptada a pacientes de la tercera edad.', 60.00);
INSERT INTO treatments (name, description, cost) VALUES ('Toma de Modelos de Estudio', 'Obtención de réplicas de yeso de la boca.', 30.00);
INSERT INTO treatments (name, description, cost) VALUES ('Encerado Diagnóstico', 'Planificación de tratamiento estético en modelos de yeso.', 150.00);
INSERT INTO treatments (name, description, cost) VALUES ('Guía Quirúrgica para Implantes', 'Férula para guiar la colocación precisa de implantes.', 300.00);
INSERT INTO treatments (name, description, cost) VALUES ('Restauración de Amalgama', 'Obturación con aleación de plata y mercurio.', 60.00);
INSERT INTO treatments (name, description, cost) VALUES ('Pulpectomía', 'Remoción total de la pulpa en dientes temporales.', 110.00);
INSERT INTO treatments (name, description, cost) VALUES ('Tratamiento de Candidiasis Oral', 'Tratamiento de infección por hongos.', 70.00);
INSERT INTO treatments (name, description, cost) VALUES ('Manejo de Paciente con Necesidades Especiales', 'Consulta con requerimientos de manejo especiales.', 100.00);
INSERT INTO treatments (name, description, cost) VALUES ('Vestibuloplastia', 'Procedimiento para aumentar la profundidad del vestíbulo oral.', 500.00);
INSERT INTO treatments (name, description, cost) VALUES ('Terapia con Láser de Baja Potencia', 'Aplicación de láser para bioestimulación y analgesia.', 40.00);
INSERT INTO treatments (name, description, cost) VALUES ('Exposición de Diente Incluido para Ortodoncia', 'Cirugía para exponer un diente y poder traccionarlo.', 400.00);
INSERT INTO treatments (name, description, cost) VALUES ('Reconstrucción Compleja con Resina', 'Restauración extensa de un diente con resina compuesta.', 150.00);
INSERT INTO treatments (name, description, cost) VALUES ('Tratamiento de Queilitis Angular', 'Manejo de las fisuras en las comisuras de los labios.', 50.00);
INSERT INTO treatments (name, description, cost) VALUES ('Prótesis Flexible', 'Prótesis parcial removible hecha de material flexible.', 800.00);
INSERT INTO treatments (name, description, cost) VALUES ('Cementación de Corona/Puente', 'Acto de fijar una prótesis fija de forma definitiva.', 50.00);
INSERT INTO treatments (name, description, cost) VALUES ('Retiro de Corona/Puente', 'Remoción de una prótesis fija existente.', 80.00);
INSERT INTO treatments (name, description, cost) VALUES ('Tratamiento de Abfracción', 'Restauración de lesión cervical no cariosa.', 85.00);
INSERT INTO treatments (name, description, cost) VALUES ('Aparato de Ortopedia Maxilar', 'Aparato removible para guiar el crecimiento facial.', 600.00);
INSERT INTO treatments (name, description, cost) VALUES ('Blanqueamiento en Consultorio', 'Sesión de blanqueamiento activado por luz.', 300.00);
INSERT INTO treatments (name, description, cost) VALUES ('Kit de Blanqueamiento para Casa', 'Férulas y gel para blanqueamiento ambulatorio.', 200.00);
INSERT INTO treatments (name, description, cost) VALUES ('Mantenimiento de Implantes', 'Limpieza y revisión específica para implantes.', 80.00);
INSERT INTO treatments (name, description, cost) VALUES ('Tratamiento de Leucoplasia', 'Manejo y seguimiento de lesión blanca.', 150.00);
INSERT INTO treatments (name, description, cost) VALUES ('Reducción de Fractura Alveolar', 'Reposicionamiento y ferulización de hueso fracturado.', 400.00);
INSERT INTO treatments (name, description, cost) VALUES ('Toxina Botulínica para Bruxismo', 'Aplicación de toxina en músculos masticatorios.', 450.00);
INSERT INTO treatments (name, description, cost) VALUES ('Relleno de Ácido Hialurónico Perioral', 'Aplicación para mejorar la estética de labios y surcos.', 500.00);
INSERT INTO treatments (name, description, cost) VALUES ('Análisis de Saliva', 'Prueba para medir riesgo de caries y enfermedad periodontal.', 90.00);
INSERT INTO treatments (name, description, cost) VALUES ('Ozonoterapia', 'Aplicación de ozono con fines desinfectantes.', 60.00);
INSERT INTO treatments (name, description, cost) VALUES ('Relleno de Ácido Hialurónico Perioral', 'Aplicación para mejorar la estética de labios y surcos.', 500.00);
INSERT INTO treatments (name, description, cost) VALUES ('Análisis de Saliva', 'Prueba para medir riesgo de caries y enfermedad periodontal.', 90.00);
INSERT INTO treatments (name, description, cost) VALUES ('Ozonoterapia', 'Aplicación de ozono con fines desinfectantes.', 60.00);

-- Insertar 100 planes de tratamientoINSERT INTO treatment_plans (patient_id, dentist_id, start_date, end_date, status) VALUES (1, 1, TO_DATE('2023-01-15', 'YYYY-MM-DD'), TO_DATE('2024-01-15', 'YYYY-MM-DD'), 'En Progreso');
INSERT INTO treatment_plans (patient_id, dentist_id, start_date, end_date, status) VALUES (1, 1, DATE '2024-01-15', DATE '2024-02-15', 'Active');
INSERT INTO treatment_plans (patient_id, dentist_id, start_date, end_date, status) VALUES (2, 2, DATE '2024-01-16', DATE '2024-03-16', 'Completed');
INSERT INTO treatment_plans (patient_id, dentist_id, start_date, end_date, status) VALUES (3, 3, DATE '2024-01-17', NULL, 'Active');
INSERT INTO treatment_plans (patient_id, dentist_id, start_date, end_date, status) VALUES (4, 1, DATE '2024-01-18', DATE '2024-02-18', 'Completed');
INSERT INTO treatment_plans (patient_id, dentist_id, start_date, end_date, status) VALUES (5, 4, DATE '2024-01-19', DATE '2024-04-19', 'Active');
INSERT INTO treatment_plans (patient_id, dentist_id, start_date, end_date, status) VALUES (6, 2, DATE '2024-01-20', DATE '2024-02-20', 'Suspended');
INSERT INTO treatment_plans (patient_id, dentist_id, start_date, end_date, status) VALUES (7, 5, DATE '2024-01-21', NULL, 'Active');
INSERT INTO treatment_plans (patient_id, dentist_id, start_date, end_date, status) VALUES (8, 3, DATE '2024-01-22', DATE '2024-03-22', 'Completed');
INSERT INTO treatment_plans (patient_id, dentist_id, start_date, end_date, status) VALUES (9, 6, DATE '2024-01-23', DATE '2024-05-23', 'Active');
INSERT INTO treatment_plans (patient_id, dentist_id, start_date, end_date, status) VALUES (10, 1, DATE '2024-01-24', DATE '2024-02-24', 'Completed');
INSERT INTO treatment_plans (patient_id, dentist_id, start_date, end_date, status) VALUES (11, 7, DATE '2024-01-25', NULL, 'Active');
INSERT INTO treatment_plans (patient_id, dentist_id, start_date, end_date, status) VALUES (12, 4, DATE '2024-01-26', DATE '2024-03-26', 'Suspended');
INSERT INTO treatment_plans (patient_id, dentist_id, start_date, end_date, status) VALUES (13, 8, DATE '2024-01-27', DATE '2024-04-27', 'Active');
INSERT INTO treatment_plans (patient_id, dentist_id, start_date, end_date, status) VALUES (14, 2, DATE '2024-01-28', DATE '2024-02-28', 'Completed');
INSERT INTO treatment_plans (patient_id, dentist_id, start_date, end_date, status) VALUES (15, 9, DATE '2024-01-29', NULL, 'Active');
INSERT INTO treatment_plans (patient_id, dentist_id, start_date, end_date, status) VALUES (16, 5, DATE '2024-01-30', DATE '2024-03-30', 'Active');
INSERT INTO treatment_plans (patient_id, dentist_id, start_date, end_date, status) VALUES (17, 10, DATE '2024-01-31', DATE '2024-06-30', 'Completed');
INSERT INTO treatment_plans (patient_id, dentist_id, start_date, end_date, status) VALUES (18, 3, DATE '2024-02-01', DATE '2024-03-01', 'Suspended');
INSERT INTO treatment_plans (patient_id, dentist_id, start_date, end_date, status) VALUES (19, 6, DATE '2024-02-02', NULL, 'Active');
INSERT INTO treatment_plans (patient_id, dentist_id, start_date, end_date, status) VALUES (20, 1, DATE '2024-02-03', DATE '2024-04-03', 'Active');
INSERT INTO treatment_plans (patient_id, dentist_id, start_date, end_date, status) VALUES (21, 11, DATE '2024-02-04', DATE '2024-03-04', 'Completed');
INSERT INTO treatment_plans (patient_id, dentist_id, start_date, end_date, status) VALUES (22, 7, DATE '2024-02-05', NULL, 'Active');
INSERT INTO treatment_plans (patient_id, dentist_id, start_date, end_date, status) VALUES (23, 12, DATE '2024-02-06', DATE '2024-05-06', 'Active');
INSERT INTO treatment_plans (patient_id, dentist_id, start_date, end_date, status) VALUES (24, 4, DATE '2024-02-07', DATE '2024-03-07', 'Completed');
INSERT INTO treatment_plans (patient_id, dentist_id, start_date, end_date, status) VALUES (25, 8, DATE '2024-02-08', DATE '2024-04-08', 'Suspended');
INSERT INTO treatment_plans (patient_id, dentist_id, start_date, end_date, status) VALUES (26, 2, DATE '2024-02-09', NULL, 'Active');
INSERT INTO treatment_plans (patient_id, dentist_id, start_date, end_date, status) VALUES (27, 13, DATE '2024-02-10', DATE '2024-06-10', 'Active');
INSERT INTO treatment_plans (patient_id, dentist_id, start_date, end_date, status) VALUES (28, 9, DATE '2024-02-11', DATE '2024-03-11', 'Completed');
INSERT INTO treatment_plans (patient_id, dentist_id, start_date, end_date, status) VALUES (29, 14, DATE '2024-02-12', NULL, 'Active');
INSERT INTO treatment_plans (patient_id, dentist_id, start_date, end_date, status) VALUES (30, 5, DATE '2024-02-13', DATE '2024-04-13', 'Active');
INSERT INTO treatment_plans (patient_id, dentist_id, start_date, end_date, status) VALUES (31, 10, DATE '2024-02-14', DATE '2024-03-14', 'Suspended');
INSERT INTO treatment_plans (patient_id, dentist_id, start_date, end_date, status) VALUES (32, 15, DATE '2024-02-15', DATE '2024-05-15', 'Completed');
INSERT INTO treatment_plans (patient_id, dentist_id, start_date, end_date, status) VALUES (33, 3, DATE '2024-02-16', NULL, 'Active');
INSERT INTO treatment_plans (patient_id, dentist_id, start_date, end_date, status) VALUES (34, 6, DATE '2024-02-17', DATE '2024-04-17', 'Active');
INSERT INTO treatment_plans (patient_id, dentist_id, start_date, end_date, status) VALUES (35, 1, DATE '2024-02-18', DATE '2024-03-18', 'Completed');
INSERT INTO treatment_plans (patient_id, dentist_id, start_date, end_date, status) VALUES (36, 16, DATE '2024-02-19', NULL, 'Active');
INSERT INTO treatment_plans (patient_id, dentist_id, start_date, end_date, status) VALUES (37, 11, DATE '2024-02-20', DATE '2024-06-20', 'Active');
INSERT INTO treatment_plans (patient_id, dentist_id, start_date, end_date, status) VALUES (38, 7, DATE '2024-02-21', DATE '2024-03-21', 'Suspended');
INSERT INTO treatment_plans (patient_id, dentist_id, start_date, end_date, status) VALUES (39, 17, DATE '2024-02-22', DATE '2024-05-22', 'Completed');
INSERT INTO treatment_plans (patient_id, dentist_id, start_date, end_date, status) VALUES (40, 12, DATE '2024-02-23', NULL, 'Active');
INSERT INTO treatment_plans (patient_id, dentist_id, start_date, end_date, status) VALUES (41, 4, DATE '2024-02-24', DATE '2024-04-24', 'Active');
INSERT INTO treatment_plans (patient_id, dentist_id, start_date, end_date, status) VALUES (42, 18, DATE '2024-02-25', DATE '2024-03-25', 'Completed');
INSERT INTO treatment_plans (patient_id, dentist_id, start_date, end_date, status) VALUES (43, 8, DATE '2024-02-26', NULL, 'Active');
INSERT INTO treatment_plans (patient_id, dentist_id, start_date, end_date, status) VALUES (44, 2, DATE '2024-02-27', DATE '2024-05-27', 'Active');
INSERT INTO treatment_plans (patient_id, dentist_id, start_date, end_date, status) VALUES (45, 19, DATE '2024-02-28', DATE '2024-03-28', 'Suspended');
INSERT INTO treatment_plans (patient_id, dentist_id, start_date, end_date, status) VALUES (46, 13, DATE '2024-03-01', DATE '2024-06-01', 'Completed');
INSERT INTO treatment_plans (patient_id, dentist_id, start_date, end_date, status) VALUES (47, 9, DATE '2024-03-02', NULL, 'Active');
INSERT INTO treatment_plans (patient_id, dentist_id, start_date, end_date, status) VALUES (48, 20, DATE '2024-03-03', DATE '2024-04-03', 'Active');
INSERT INTO treatment_plans (patient_id, dentist_id, start_date, end_date, status) VALUES (49, 14, DATE '2024-03-04', DATE '2024-03-30', 'Completed');
INSERT INTO treatment_plans (patient_id, dentist_id, start_date, end_date, status) VALUES (50, 5, DATE '2024-03-05', NULL, 'Active');
INSERT INTO treatment_plans (patient_id, dentist_id, start_date, end_date, status) VALUES (51, 10, DATE '2024-03-06', DATE '2024-05-06', 'Active');
INSERT INTO treatment_plans (patient_id, dentist_id, start_date, end_date, status) VALUES (52, 15, DATE '2024-03-07', DATE '2024-04-07', 'Suspended');
INSERT INTO treatment_plans (patient_id, dentist_id, start_date, end_date, status) VALUES (53, 3, DATE '2024-03-08', DATE '2024-06-08', 'Completed');
INSERT INTO treatment_plans (patient_id, dentist_id, start_date, end_date, status) VALUES (54, 6, DATE '2024-03-09', NULL, 'Active');
INSERT INTO treatment_plans (patient_id, dentist_id, start_date, end_date, status) VALUES (55, 1, DATE '2024-03-10', DATE '2024-04-10', 'Active');
INSERT INTO treatment_plans (patient_id, dentist_id, start_date, end_date, status) VALUES (56, 16, DATE '2024-03-11', DATE '2024-04-11', 'Completed');
INSERT INTO treatment_plans (patient_id, dentist_id, start_date, end_date, status) VALUES (57, 11, DATE '2024-03-12', NULL, 'Active');
INSERT INTO treatment_plans (patient_id, dentist_id, start_date, end_date, status) VALUES (58, 7, DATE '2024-03-13', DATE '2024-05-13', 'Active');
INSERT INTO treatment_plans (patient_id, dentist_id, start_date, end_date, status) VALUES (59, 17, DATE '2024-03-14', DATE '2024-04-14', 'Suspended');
INSERT INTO treatment_plans (patient_id, dentist_id, start_date, end_date, status) VALUES (60, 12, DATE '2024-03-15', DATE '2024-06-15', 'Completed');
INSERT INTO treatment_plans (patient_id, dentist_id, start_date, end_date, status) VALUES (61, 4, DATE '2024-03-16', NULL, 'Active');
INSERT INTO treatment_plans (patient_id, dentist_id, start_date, end_date, status) VALUES (62, 18, DATE '2024-03-17', DATE '2024-04-17', 'Active');
INSERT INTO treatment_plans (patient_id, dentist_id, start_date, end_date, status) VALUES (63, 8, DATE '2024-03-18', DATE '2024-05-18', 'Completed');
INSERT INTO treatment_plans (patient_id, dentist_id, start_date, end_date, status) VALUES (64, 2, DATE '2024-03-19', NULL, 'Active');
INSERT INTO treatment_plans (patient_id, dentist_id, start_date, end_date, status) VALUES (65, 19, DATE '2024-03-20', DATE '2024-04-20', 'Active');
INSERT INTO treatment_plans (patient_id, dentist_id, start_date, end_date, status) VALUES (66, 13, DATE '2024-03-21', DATE '2024-06-21', 'Suspended');
INSERT INTO treatment_plans (patient_id, dentist_id, start_date, end_date, status) VALUES (67, 9, DATE '2024-03-22', DATE '2024-04-22', 'Completed');
INSERT INTO treatment_plans (patient_id, dentist_id, start_date, end_date, status) VALUES (68, 20, DATE '2024-03-23', NULL, 'Active');
INSERT INTO treatment_plans (patient_id, dentist_id, start_date, end_date, status) VALUES (69, 14, DATE '2024-03-24', DATE '2024-05-24', 'Active');
INSERT INTO treatment_plans (patient_id, dentist_id, start_date, end_date, status) VALUES (70, 5, DATE '2024-03-25', DATE '2024-04-25', 'Completed');
INSERT INTO treatment_plans (patient_id, dentist_id, start_date, end_date, status) VALUES (71, 10, DATE '2024-03-26', NULL, 'Active');
INSERT INTO treatment_plans (patient_id, dentist_id, start_date, end_date, status) VALUES (72, 15, DATE '2024-03-27', DATE '2024-06-27', 'Active');
INSERT INTO treatment_plans (patient_id, dentist_id, start_date, end_date, status) VALUES (73, 3, DATE '2024-03-28', DATE '2024-04-28', 'Suspended');
INSERT INTO treatment_plans (patient_id, dentist_id, start_date, end_date, status) VALUES (74, 6, DATE '2024-03-29', DATE '2024-05-29', 'Completed');
INSERT INTO treatment_plans (patient_id, dentist_id, start_date, end_date, status) VALUES (75, 1, DATE '2024-03-30', NULL, 'Active');
INSERT INTO treatment_plans (patient_id, dentist_id, start_date, end_date, status) VALUES (76, 16, DATE '2024-03-31', DATE '2024-04-30', 'Active');
INSERT INTO treatment_plans (patient_id, dentist_id, start_date, end_date, status) VALUES (77, 11, DATE '2024-04-01', DATE '2024-06-01', 'Completed');
INSERT INTO treatment_plans (patient_id, dentist_id, start_date, end_date, status) VALUES (78, 7, DATE '2024-04-02', NULL, 'Active');
INSERT INTO treatment_plans (patient_id, dentist_id, start_date, end_date, status) VALUES (79, 17, DATE '2024-04-03', DATE '2024-05-03', 'Active');
INSERT INTO treatment_plans (patient_id, dentist_id, start_date, end_date, status) VALUES (80, 12, DATE '2024-04-04', DATE '2024-07-04', 'Suspended');
INSERT INTO treatment_plans (patient_id, dentist_id, start_date, end_date, status) VALUES (81, 4, DATE '2024-04-05', DATE '2024-05-05', 'Completed');
INSERT INTO treatment_plans (patient_id, dentist_id, start_date, end_date, status) VALUES (82, 18, DATE '2024-04-06', NULL, 'Active');
INSERT INTO treatment_plans (patient_id, dentist_id, start_date, end_date, status) VALUES (83, 8, DATE '2024-04-07', DATE '2024-06-07', 'Active');
INSERT INTO treatment_plans (patient_id, dentist_id, start_date, end_date, status) VALUES (84, 2, DATE '2024-04-08', DATE '2024-05-08', 'Completed');
INSERT INTO treatment_plans (patient_id, dentist_id, start_date, end_date, status) VALUES (85, 19, DATE '2024-04-09', NULL, 'Active');
INSERT INTO treatment_plans (patient_id, dentist_id, start_date, end_date, status) VALUES (86, 13, DATE '2024-04-10', DATE '2024-07-10', 'Active');
INSERT INTO treatment_plans (patient_id, dentist_id, start_date, end_date, status) VALUES (87, 9, DATE '2024-04-11', DATE '2024-05-11', 'Suspended');
INSERT INTO treatment_plans (patient_id, dentist_id, start_date, end_date, status) VALUES (88, 20, DATE '2024-04-12', DATE '2024-06-12', 'Completed');
INSERT INTO treatment_plans (patient_id, dentist_id, start_date, end_date, status) VALUES (89, 14, DATE '2024-04-13', NULL, 'Active');
INSERT INTO treatment_plans (patient_id, dentist_id, start_date, end_date, status) VALUES (90, 5, DATE '2024-04-14', DATE '2024-05-14', 'Active');
INSERT INTO treatment_plans (patient_id, dentist_id, start_date, end_date, status) VALUES (91, 10, DATE '2024-04-15', DATE '2024-07-15', 'Completed');
INSERT INTO treatment_plans (patient_id, dentist_id, start_date, end_date, status) VALUES (92, 15, DATE '2024-04-16', NULL, 'Active');
INSERT INTO treatment_plans (patient_id, dentist_id, start_date, end_date, status) VALUES (93, 3, DATE '2024-04-17', DATE '2024-05-17', 'Active');
INSERT INTO treatment_plans (patient_id, dentist_id, start_date, end_date, status) VALUES (94, 6, DATE '2024-04-18', DATE '2024-06-18', 'Suspended');
INSERT INTO treatment_plans (patient_id, dentist_id, start_date, end_date, status) VALUES (95, 1, DATE '2024-04-19', DATE '2024-07-19', 'Completed');
INSERT INTO treatment_plans (patient_id, dentist_id, start_date, end_date, status) VALUES (96, 16, DATE '2024-04-20', NULL, 'Active');
INSERT INTO treatment_plans (patient_id, dentist_id, start_date, end_date, status) VALUES (97, 11, DATE '2024-04-21', DATE '2024-05-21', 'Active');
INSERT INTO treatment_plans (patient_id, dentist_id, start_date, end_date, status) VALUES (98, 7, DATE '2024-04-22', DATE '2024-06-22', 'Completed');
INSERT INTO treatment_plans (patient_id, dentist_id, start_date, end_date, status) VALUES (99, 17, DATE '2024-04-23', NULL, 'Active');
INSERT INTO treatment_plans (patient_id, dentist_id, start_date, end_date, status) VALUES (100, 12, DATE '2024-04-24', DATE '2024-07-24', 'Active');


-- Insertar 100 procedimientos
INSERT INTO procedures (plan_id, treatment_id, tooth_id, procedure_date, observations) VALUES (1, 1, 11, DATE '2024-01-15', 'Initial examination completed. Minor cavity detected on upper left molar.');
INSERT INTO procedures (plan_id, treatment_id, tooth_id, procedure_date, observations) VALUES (2, 3, 21, DATE '2024-01-16', 'Root canal procedure initiated. Patient tolerated procedure well.');
INSERT INTO procedures (plan_id, treatment_id, tooth_id, procedure_date, observations) VALUES (3, 2, 32, DATE '2024-01-17', 'Routine cleaning performed. Slight plaque buildup removed.');
INSERT INTO procedures (plan_id, treatment_id, tooth_id, procedure_date, observations) VALUES (4, 4, 14, DATE '2024-01-18', 'Crown preparation completed. Temporary crown placed.');
INSERT INTO procedures (plan_id, treatment_id, tooth_id, procedure_date, observations) VALUES (5, 1, 25, DATE '2024-01-19', 'Comprehensive oral examination. Recommend fluoride treatment.');
INSERT INTO procedures (plan_id, treatment_id, tooth_id, procedure_date, observations) VALUES (6, 5, NULL, DATE '2024-01-20', 'Orthodontic consultation. Treatment plan discussed with patient.');
INSERT INTO procedures (plan_id, treatment_id, tooth_id, procedure_date, observations) VALUES (7, 2, 18, DATE '2024-01-21', 'Deep cleaning performed on lower right quadrant.');
INSERT INTO procedures (plan_id, treatment_id, tooth_id, procedure_date, observations) VALUES (8, 6, 12, DATE '2024-01-22', 'Tooth extraction completed. Post-operative care instructions given.');
INSERT INTO procedures (plan_id, treatment_id, tooth_id, procedure_date, observations) VALUES (9, 3, 31, DATE '2024-01-23', 'Second session of root canal treatment. Canal cleaning progressing well.');
INSERT INTO procedures (plan_id, treatment_id, tooth_id, procedure_date, observations) VALUES (10, 7, 16, DATE '2024-01-24', 'Dental filling completed. Composite material used.');
INSERT INTO procedures (plan_id, treatment_id, tooth_id, procedure_date, observations) VALUES (11, 1, 22, DATE '2024-01-25', 'Routine checkup. No significant issues found.');
INSERT INTO procedures (plan_id, treatment_id, tooth_id, procedure_date, observations) VALUES (12, 8, NULL, DATE '2024-01-26', 'Teeth whitening session completed. Good results achieved.');
INSERT INTO procedures (plan_id, treatment_id, tooth_id, procedure_date, observations) VALUES (13, 4, 28, DATE '2024-01-27', 'Final crown fitting. Perfect occlusion achieved.');
INSERT INTO procedures (plan_id, treatment_id, tooth_id, procedure_date, observations) VALUES (14, 2, 45, DATE '2024-01-28', 'Periodontal scaling completed. Gum health improving.');
INSERT INTO procedures (plan_id, treatment_id, tooth_id, procedure_date, observations) VALUES (15, 9, 17, DATE '2024-01-29', 'Dental implant placement surgery. Procedure successful.');
INSERT INTO procedures (plan_id, treatment_id, tooth_id, procedure_date, observations) VALUES (16, 1, 33, DATE '2024-01-30', 'Follow-up examination. Healing progressing normally.');
INSERT INTO procedures (plan_id, treatment_id, tooth_id, procedure_date, observations) VALUES (17, 5, NULL, DATE '2024-01-31', 'Orthodontic adjustment. Brackets tightened appropriately.');
INSERT INTO procedures (plan_id, treatment_id, tooth_id, procedure_date, observations) VALUES (18, 7, 24, DATE '2024-02-01', 'Large composite filling placed. Patient experienced minimal discomfort.');
INSERT INTO procedures (plan_id, treatment_id, tooth_id, procedure_date, observations) VALUES (19, 3, 13, DATE '2024-02-02', 'Root canal completion. Canal sealed successfully.');
INSERT INTO procedures (plan_id, treatment_id, tooth_id, procedure_date, observations) VALUES (20, 10, 26, DATE '2024-02-03', 'Bridge preparation initiated. Abutment teeth prepared.');
INSERT INTO procedures (plan_id, treatment_id, tooth_id, procedure_date, observations) VALUES (21, 2, 41, DATE '2024-02-04', 'Professional cleaning with fluoride application.');
INSERT INTO procedures (plan_id, treatment_id, tooth_id, procedure_date, observations) VALUES (22, 6, 35, DATE '2024-02-05', 'Surgical extraction of impacted wisdom tooth. Recovery instructions provided.');
INSERT INTO procedures (plan_id, treatment_id, tooth_id, procedure_date, observations) VALUES (23, 1, 19, DATE '2024-02-06', 'Annual checkup completed. Recommend regular flossing.');
INSERT INTO procedures (plan_id, treatment_id, tooth_id, procedure_date, observations) VALUES (24, 4, 27, DATE '2024-02-07', 'Porcelain crown cemented. Excellent fit and appearance.');
INSERT INTO procedures (plan_id, treatment_id, tooth_id, procedure_date, observations) VALUES (25, 8, NULL, DATE '2024-02-08', 'Second whitening session. Significant color improvement noted.');
INSERT INTO procedures (plan_id, treatment_id, tooth_id, procedure_date, observations) VALUES (26, 7, 15, DATE '2024-02-09', 'Small cavity filled with amalgam. No complications.');
INSERT INTO procedures (plan_id, treatment_id, tooth_id, procedure_date, observations) VALUES (27, 9, 38, DATE '2024-02-10', 'Implant healing assessment. Osseointegration progressing well.');
INSERT INTO procedures (plan_id, treatment_id, tooth_id, procedure_date, observations) VALUES (28, 2, 29, DATE '2024-02-11', 'Gum disease treatment. Antibiotic therapy initiated.');
INSERT INTO procedures (plan_id, treatment_id, tooth_id, procedure_date, observations) VALUES (29, 5, NULL, DATE '2024-02-12', 'Orthodontic progress evaluation. Teeth movement on track.');
INSERT INTO procedures (plan_id, treatment_id, tooth_id, procedure_date, observations) VALUES (30, 3, 23, DATE '2024-02-13', 'Endodontic retreatment completed. Previous work revised.');
INSERT INTO procedures (plan_id, treatment_id, tooth_id, procedure_date, observations) VALUES (31, 1, 34, DATE '2024-02-14', 'Preventive examination. Early caries detected and treated.');
INSERT INTO procedures (plan_id, treatment_id, tooth_id, procedure_date, observations) VALUES (32, 11, 42, DATE '2024-02-15', 'Gum graft procedure completed. Good tissue adaptation.');
INSERT INTO procedures (plan_id, treatment_id, tooth_id, procedure_date, observations) VALUES (33, 7, 20, DATE '2024-02-16', 'Multiple surface filling. High-quality composite used.');
INSERT INTO procedures (plan_id, treatment_id, tooth_id, procedure_date, observations) VALUES (34, 4, 36, DATE '2024-02-17', 'Crown preparation revised. New impression taken.');
INSERT INTO procedures (plan_id, treatment_id, tooth_id, procedure_date, observations) VALUES (35, 6, 48, DATE '2024-02-18', 'Complex extraction completed. Socket preservation performed.');
INSERT INTO procedures (plan_id, treatment_id, tooth_id, procedure_date, observations) VALUES (36, 2, 44, DATE '2024-02-19', 'Deep scaling under local anesthesia. Significant improvement expected.');
INSERT INTO procedures (plan_id, treatment_id, tooth_id, procedure_date, observations) VALUES (37, 10, 37, DATE '2024-02-20', 'Bridge delivery and cementation. Patient satisfied with result.');
INSERT INTO procedures (plan_id, treatment_id, tooth_id, procedure_date, observations) VALUES (38, 8, NULL, DATE '2024-02-21', 'Custom whitening trays fabricated. Home treatment initiated.');
INSERT INTO procedures (plan_id, treatment_id, tooth_id, procedure_date, observations) VALUES (39, 1, 30, DATE '2024-02-22', 'Recall examination. Oral hygiene has improved significantly.');
INSERT INTO procedures (plan_id, treatment_id, tooth_id, procedure_date, observations) VALUES (40, 9, 46, DATE '2024-02-23', 'Implant crown placement. Excellent esthetic outcome.');
INSERT INTO procedures (plan_id, treatment_id, tooth_id, procedure_date, observations) VALUES (41, 5, NULL, DATE '2024-02-24', 'Midcourse orthodontic evaluation. Treatment progressing as planned.');
INSERT INTO procedures (plan_id, treatment_id, tooth_id, procedure_date, observations) VALUES (42, 3, 39, DATE '2024-02-25', 'Pulpotomy performed. Vital pulp therapy successful.');
INSERT INTO procedures (plan_id, treatment_id, tooth_id, procedure_date, observations) VALUES (43, 7, 43, DATE '2024-02-26', 'Posterior composite restoration. Excellent marginal adaptation.');
INSERT INTO procedures (plan_id, treatment_id, tooth_id, procedure_date, observations) VALUES (44, 2, 47, DATE '2024-02-27', 'Maintenance cleaning performed. Patient compliance excellent.');
INSERT INTO procedures (plan_id, treatment_id, tooth_id, procedure_date, observations) VALUES (45, 12, NULL, DATE '2024-02-28', 'Denture adjustment completed. Improved fit and comfort.');
INSERT INTO procedures (plan_id, treatment_id, tooth_id, procedure_date, observations) VALUES (46, 4, 40, DATE '2024-03-01', 'Gold crown cementation. Premium restoration completed.');
INSERT INTO procedures (plan_id, treatment_id, tooth_id, procedure_date, observations) VALUES (47, 1, 45, DATE '2024-03-02', 'Comprehensive examination with X-rays. No pathology detected.');
INSERT INTO procedures (plan_id, treatment_id, tooth_id, procedure_date, observations) VALUES (48, 6, 48, DATE '2024-03-03', 'Wisdom tooth removal. Minimal post-operative swelling.');
INSERT INTO procedures (plan_id, treatment_id, tooth_id, procedure_date, observations) VALUES (49, 11, 31, DATE '2024-03-04', 'Periodontal surgery completed. Flap procedure successful.');
INSERT INTO procedures (plan_id, treatment_id, tooth_id, procedure_date, observations) VALUES (50, 7, 25, DATE '2024-03-05', 'Anterior esthetic filling. Natural appearance achieved.');
INSERT INTO procedures (plan_id, treatment_id, tooth_id, procedure_date, observations) VALUES (51, 9, 17, DATE '2024-03-06', 'Implant second stage surgery. Healing abutment placed.');
INSERT INTO procedures (plan_id, treatment_id, tooth_id, procedure_date, observations) VALUES (52, 2, 28, DATE '2024-03-07', 'Subgingival scaling performed. Local anesthesia used.');
INSERT INTO procedures (plan_id, treatment_id, tooth_id, procedure_date, observations) VALUES (53, 5, NULL, DATE '2024-03-08', 'Orthodontic wire change. Progress evaluation positive.');
INSERT INTO procedures (plan_id, treatment_id, tooth_id, procedure_date, observations) VALUES (54, 13, 19, DATE '2024-03-09', 'Veneer preparation completed. Temporary veneers placed.');
INSERT INTO procedures (plan_id, treatment_id, tooth_id, procedure_date, observations) VALUES (55, 3, 32, DATE '2024-03-10', 'Apexification procedure initiated. Calcium hydroxide placed.');
INSERT INTO procedures (plan_id, treatment_id, tooth_id, procedure_date, observations) VALUES (56, 1, 21, DATE '2024-03-11', 'Routine prophylaxis with oral hygiene instruction.');
INSERT INTO procedures (plan_id, treatment_id, tooth_id, procedure_date, observations) VALUES (57, 8, NULL, DATE '2024-03-12', 'Final whitening session completed. Excellent color match achieved.');
INSERT INTO procedures (plan_id, treatment_id, tooth_id, procedure_date, observations) VALUES (58, 4, 16, DATE '2024-03-13', 'Ceramic crown delivery. Perfect marginal fit confirmed.');
INSERT INTO procedures (plan_id, treatment_id, tooth_id, procedure_date, observations) VALUES (59, 7, 33, DATE '2024-03-14', 'Class II composite restoration. Proper contact established.');
INSERT INTO procedures (plan_id, treatment_id, tooth_id, procedure_date, observations) VALUES (60, 10, 24, DATE '2024-03-15', 'Fixed partial denture adjustment. Occlusion refined.');
INSERT INTO procedures (plan_id, treatment_id, tooth_id, procedure_date, observations) VALUES (61, 6, 18, DATE '2024-03-16', 'Simple extraction performed. Socket healing normally.');
INSERT INTO procedures (plan_id, treatment_id, tooth_id, procedure_date, observations) VALUES (62, 2, 41, DATE '2024-03-17', 'Periodontal maintenance. Pocket depths reduced significantly.');
INSERT INTO procedures (plan_id, treatment_id, tooth_id, procedure_date, observations) VALUES (63, 14, NULL, DATE '2024-03-18', 'Night guard delivery. Bruxism protection provided.');
INSERT INTO procedures (plan_id, treatment_id, tooth_id, procedure_date, observations) VALUES (64, 9, 35, DATE '2024-03-19', 'Bone graft placement. Implant site preparation.');
INSERT INTO procedures (plan_id, treatment_id, tooth_id, procedure_date, observations) VALUES (65, 1, 22, DATE '2024-03-20', 'Six-month recall visit. Oral health status excellent.');
INSERT INTO procedures (plan_id, treatment_id, tooth_id, procedure_date, observations) VALUES (66, 3, 14, DATE '2024-03-21', 'Pulp capping procedure. Vital pulp preserved successfully.');
INSERT INTO procedures (plan_id, treatment_id, tooth_id, procedure_date, observations) VALUES (67, 5, NULL, DATE '2024-03-22', 'Retainer delivery. Active orthodontic treatment completed.');
INSERT INTO procedures (plan_id, treatment_id, tooth_id, procedure_date, observations) VALUES (68, 7, 27, DATE '2024-03-23', 'Inlay preparation and impression. Indirect restoration planned.');
INSERT INTO procedures (plan_id, treatment_id, tooth_id, procedure_date, observations) VALUES (69, 15, 13, DATE '2024-03-24', 'Tooth mobility treatment. Splinting procedure performed.');
INSERT INTO procedures (plan_id, treatment_id, tooth_id, procedure_date, observations) VALUES (70, 4, 36, DATE '2024-03-25', 'Zirconia crown cementation. Superior esthetics achieved.');
INSERT INTO procedures (plan_id, treatment_id, tooth_id, procedure_date, observations) VALUES (71, 2, 44, DATE '2024-03-26', 'Localized antibiotic therapy. Targeted periodontal treatment.');
INSERT INTO procedures (plan_id, treatment_id, tooth_id, procedure_date, observations) VALUES (72, 12, NULL, DATE '2024-03-27', 'Complete denture adjustment. Speaking and chewing improved.');
INSERT INTO procedures (plan_id, treatment_id, tooth_id, procedure_date, observations) VALUES (73, 6, 38, DATE '2024-03-28', 'Surgical crown lengthening. Adequate tooth structure exposed.');
INSERT INTO procedures (plan_id, treatment_id, tooth_id, procedure_date, observations) VALUES (74, 1, 26, DATE '2024-03-29', 'Emergency examination. Acute pain resolved.');
INSERT INTO procedures (plan_id, treatment_id, tooth_id, procedure_date, observations) VALUES (75, 11, 42, DATE '2024-03-30', 'Gingival graft healing evaluation. Excellent tissue integration.');
INSERT INTO procedures (plan_id, treatment_id, tooth_id, procedure_date, observations) VALUES (76, 8, NULL, DATE '2024-03-31', 'Touch-up whitening session. Maintenance of color achieved.');
INSERT INTO procedures (plan_id, treatment_id, tooth_id, procedure_date, observations) VALUES (77, 9, 23, DATE '2024-04-01', 'Abutment connection completed. Ready for crown fabrication.');
INSERT INTO procedures (plan_id, treatment_id, tooth_id, procedure_date, observations) VALUES (78, 3, 15, DATE '2024-04-02', 'Root canal obturation. Three-dimensional seal achieved.');
INSERT INTO procedures (plan_id, treatment_id, tooth_id, procedure_date, observations) VALUES (79, 7, 29, DATE '2024-04-03', 'Occlusal adjustment performed. Bite balanced properly.');
INSERT INTO procedures (plan_id, treatment_id, tooth_id, procedure_date, observations) VALUES (80, 16, 11, DATE '2024-04-04', 'Sealant application completed. Caries prevention measure.');
INSERT INTO procedures (plan_id, treatment_id, tooth_id, procedure_date, observations) VALUES (81, 4, 20, DATE '2024-04-05', 'Temporary crown replacement. New provisional fitted.');
INSERT INTO procedures (plan_id, treatment_id, tooth_id, procedure_date, observations) VALUES (82, 2, 47, DATE '2024-04-06', 'Ultrasonic scaling performed. Calculus removal complete.');
INSERT INTO procedures (plan_id, treatment_id, tooth_id, procedure_date, observations) VALUES (83, 13, 12, DATE '2024-04-07', 'Porcelain veneer bonding. Smile makeover completed.');
INSERT INTO procedures (plan_id, treatment_id, tooth_id, procedure_date, observations) VALUES (84, 5, NULL, DATE '2024-04-08', 'Final orthodontic records. Treatment goals achieved.');
INSERT INTO procedures (plan_id, treatment_id, tooth_id, procedure_date, observations) VALUES (85, 1, 34, DATE '2024-04-09', 'Post-treatment evaluation. Patient satisfaction confirmed.');
INSERT INTO procedures (plan_id, treatment_id, tooth_id, procedure_date, observations) VALUES (86, 10, 37, DATE '2024-04-10', 'Bridge recementation. Loose restoration repaired.');
INSERT INTO procedures (plan_id, treatment_id, tooth_id, procedure_date, observations) VALUES (87, 6, 48, DATE '2024-04-11', 'Post-extraction follow-up. Healing progressing normally.');
INSERT INTO procedures (plan_id, treatment_id, tooth_id, procedure_date, observations) VALUES (88, 17, NULL, DATE '2024-04-12', 'TMJ evaluation completed. Conservative treatment recommended.');
INSERT INTO procedures (plan_id, treatment_id, tooth_id, procedure_date, observations) VALUES (89, 7, 30, DATE '2024-04-13', 'Preventive resin restoration. Minimal invasive approach.');
INSERT INTO procedures (plan_id, treatment_id, tooth_id, procedure_date, observations) VALUES (90, 9, 46, DATE '2024-04-14', 'Implant maintenance visit. Peri-implant tissues healthy.');
INSERT INTO procedures (plan_id, treatment_id, tooth_id, procedure_date, observations) VALUES (91, 3, 39, DATE '2024-04-15', 'Endodontic treatment completion. Coronal seal placed.');
INSERT INTO procedures (plan_id, treatment_id, tooth_id, procedure_date, observations) VALUES (92, 2, 43, DATE '2024-04-16', 'Periodontal surgery follow-up. Excellent healing response.');
INSERT INTO procedures (plan_id, treatment_id, tooth_id, procedure_date, observations) VALUES (93, 14, NULL, DATE '2024-04-17', 'Sleep apnea appliance adjustment. Improved comfort reported.');
INSERT INTO procedures (plan_id, treatment_id, tooth_id, procedure_date, observations) VALUES (94, 4, 28, DATE '2024-04-18', 'Crown margin refinement. Gingival health improved.');
INSERT INTO procedures (plan_id, treatment_id, tooth_id, procedure_date, observations) VALUES (95, 8, NULL, DATE '2024-04-19', 'Professional cleaning with stain removal. Bright smile restored.');
INSERT INTO procedures (plan_id, treatment_id, tooth_id, procedure_date, observations) VALUES (96, 1, 45, DATE '2024-04-20', 'Annual comprehensive exam. Continued good oral health.');
INSERT INTO procedures (plan_id, treatment_id, tooth_id, procedure_date, observations) VALUES (97, 18, 17, DATE '2024-04-21', 'Laser therapy session. Gum inflammation reduced.');
INSERT INTO procedures (plan_id, treatment_id, tooth_id, procedure_date, observations) VALUES (98, 7, 31, DATE '2024-04-22', 'Complex restoration completed. Function fully restored.');
INSERT INTO procedures (plan_id, treatment_id, tooth_id, procedure_date, observations) VALUES (99, 12, NULL, DATE '2024-04-23', 'Denture reline procedure. Improved retention achieved.');
INSERT INTO procedures (plan_id, treatment_id, tooth_id, procedure_date, observations) VALUES (100, 6, 35, DATE '2024-04-24', 'Final suture removal. Surgical site healed completely.');

-- Insertar 100 materiales
INSERT INTO materials (name, description, stock) VALUES ('Resina Compuesta A2', 'Resina para restauraciones estéticas color A2.', 150);
INSERT INTO materials (name, description, stock) VALUES ('Amalgama Dental', 'Aleación para restauraciones posteriores.', 500);
INSERT INTO materials (name, description, stock) VALUES ('Ionómero de Vidrio', 'Material de restauración con liberación de flúor.', 200);
INSERT INTO materials (name, description, stock) VALUES ('Porcelana Feldespática', 'Cerámica para carillas y coronas.', 100);
INSERT INTO materials (name, description, stock) VALUES ('Zirconio', 'Material de alta resistencia para coronas y puentes.', 80);
INSERT INTO materials (name, description, stock) VALUES ('Implante de Titanio 4.1x10mm', 'Tornillo de titanio para oseointegración.', 50);
INSERT INTO materials (name, description, stock) VALUES ('Gutapercha', 'Material para obturación de conductos radiculares.', 1000);
INSERT INTO materials (name, description, stock) VALUES ('Alginato', 'Material para toma de impresiones.', 300);
INSERT INTO materials (name, description, stock) VALUES ('Silicona de Adición', 'Material de alta precisión para impresiones definitivas.', 120);
INSERT INTO materials (name, description, stock) VALUES ('Acrílico Autopolimerizable', 'Resina para provisionales y reparaciones.', 250);
INSERT INTO materials (name, description, stock) VALUES ('Cemento de Resina', 'Cemento para fijación de restauraciones cerámicas.', 70);
INSERT INTO materials (name, description, stock) VALUES ('Cemento de Fosfato de Zinc', 'Cemento para bases y cementación de metales.', 180);
INSERT INTO materials (name, description, stock) VALUES ('Peróxido de Hidrógeno 35%', 'Agente blanqueador para uso en consultorio.', 40);
INSERT INTO materials (name, description, stock) VALUES ('Peróxido de Carbamida 16%', 'Agente blanqueador para uso en casa.', 60);
INSERT INTO materials (name, description, stock) VALUES ('Clorhexidina 0.12%', 'Antiséptico bucal.', 200);
INSERT INTO materials (name, description, stock) VALUES ('Anestésico Lidocaína 2%', 'Anestésico local con epinefrina.', 400);
INSERT INTO materials (name, description, stock) VALUES ('Agujas Dentales 30G Corta', 'Agujas para infiltración de anestésico.', 1000);
INSERT INTO materials (name, description, stock) VALUES ('Sutura de Seda 3-0', 'Hilo de sutura no reabsorbible.', 150);
INSERT INTO materials (name, description, stock) VALUES ('Membrana de Colágeno', 'Membrana para regeneración ósea guiada.', 30);
INSERT INTO materials (name, description, stock) VALUES ('Hueso Liofilizado Bovino', 'Injerto óseo para procedimientos de regeneración.', 50);
INSERT INTO materials (name, description, stock) VALUES ('Brackets Metálicos', 'Set de brackets para ortodoncia.', 100);
INSERT INTO materials (name, description, stock) VALUES ('Arcos de NiTi', 'Arcos de níquel-titanio para ortodoncia.', 500);
INSERT INTO materials (name, description, stock) VALUES ('Yeso Tipo IV', 'Yeso de alta resistencia para modelos de trabajo.', 200);
INSERT INTO materials (name, description, stock) VALUES ('Cera para Encerado', 'Cera para modelado de restauraciones.', 80);
INSERT INTO materials (name, description, stock) VALUES ('Poste de Fibra de Vidrio', 'Poste intrarradicular estético.', 120);
INSERT INTO materials (name, description, stock) VALUES ('Ácido Grabador 37%', 'Ácido fosfórico para grabado de esmalte.', 300);
INSERT INTO materials (name, description, stock) VALUES ('Adhesivo Dental', 'Agente de unión para resinas.', 250);
INSERT INTO materials (name, description, stock) VALUES ('Pasta Profiláctica', 'Pasta abrasiva para limpieza dental.', 400);
INSERT INTO materials (name, description, stock) VALUES ('Barniz de Flúor', 'Barniz con alta concentración de flúor.', 150);
INSERT INTO materials (name, description, stock) VALUES ('Sellante de Fosas y Fisuras', 'Resina fluida para sellar surcos.', 180);
INSERT INTO materials (name, description, stock) VALUES ('Resina Acrílica Termopolimerizable', 'Material para bases de prótesis.', 90);
INSERT INTO materials (name, description, stock) VALUES ('Dientes de Acrílico', 'Set de dientes artificiales para prótesis.', 300);
INSERT INTO materials (name, description, stock) VALUES ('Aleación de Cromo-Cobalto', 'Metal para estructuras de prótesis parciales.', 70);
INSERT INTO materials (name, description, stock) VALUES ('Disilicato de Litio (E-max)', 'Cerámica de alta estética para coronas y carillas.', 60);
INSERT INTO materials (name, description, stock) VALUES ('Hipoclorito de Sodio 5.25%', 'Solución para irrigación en endodoncia.', 220);
INSERT INTO materials (name, description, stock) VALUES ('EDTA 17%', 'Agente quelante para endodoncia.', 130);
INSERT INTO materials (name, description, stock) VALUES ('Hidróxido de Calcio', 'Medicación intraconducto.', 100);
INSERT INTO materials (name, description, stock) VALUES ('Gasa Estéril', 'Paquetes de gasa para procedimientos quirúrgicos.', 1000);
INSERT INTO materials (name,description, stock) VALUES ('Guantes de Látex Talla M', 'Guantes de examinación.', 2000);
INSERT INTO materials (name, description, stock) VALUES ('Mascarillas Quirúrgicas', 'Mascarillas de protección.', 3000);
INSERT INTO materials (name, description, stock) VALUES ('Eyector de Saliva', 'Cánulas de aspiración desechables.', 5000);
INSERT INTO materials (name, description, stock) VALUES ('Resina Compuesta A3', 'Resina para restauraciones estéticas color A3.', 150);
INSERT INTO materials (name, description, stock) VALUES ('Resina Compuesta B1', 'Resina para restauraciones estéticas color B1 (claro).', 100);
INSERT INTO materials (name, description, stock) VALUES ('Resina Fluida A2', 'Resina de baja viscosidad para base o sellado.', 80);
INSERT INTO materials (name, description, stock) VALUES ('Corona de Acero Cromo Molar 36', 'Corona preformada para diente 36 temporal.', 50);
INSERT INTO materials (name, description, stock) VALUES ('Sutura Reabsorbible Vicryl 4-0', 'Hilo de sutura reabsorbible.', 120);
INSERT INTO materials (name, description, stock) VALUES ('Hoja de Bisturí #15', 'Hoja para mango de bisturí.', 400);
INSERT INTO materials (name, description, stock) VALUES ('Anestésico Articaína 4%', 'Anestésico local de alta potencia.', 300);
INSERT INTO materials (name, description, stock) VALUES ('Película Radiográfica Periapical', 'Película para radiografías intraorales.', 600);
INSERT INTO materials (name, description, stock) VALUES ('Ligas de Ortodoncia', 'Elásticos intermaxilares y para ligadura.', 5000);
INSERT INTO materials (name, description, stock) VALUES ('Alambre de Acero para Retenedor', 'Alambre para confección de retenedores.', 100);
INSERT INTO materials (name, description, stock) VALUES ('Placa de Acrílico para Férula', 'Lámina para termoformado de férulas.', 90);
INSERT INTO materials (name, description, stock) VALUES ('Tiras de Celuloide', 'Tiras plásticas para conformar restauraciones interproximales.', 1000);
INSERT INTO materials (name, description, stock) VALUES ('Cuñas de Madera', 'Cuñas para separar dientes en restauraciones.', 2000);
INSERT INTO materials (name, description, stock) VALUES ('Porta-matriz Tofflemire', 'Instrumento para colocar bandas matriz.', 50);
INSERT INTO materials (name, description, stock) VALUES ('Bandas Matriz Metálicas', 'Bandas para restauraciones de amalgama.', 800);
INSERT INTO materials (name, description, stock) VALUES ('Fresas de Diamante', 'Fresas para tallado de esmalte.', 1000);
INSERT INTO materials (name, description, stock) VALUES ('Fresas de Carburo', 'Fresas para remoción de caries y corte de metal.', 1200);
INSERT INTO materials (name, description, stock) VALUES ('Puntas de Papel Absorbente', 'Conos de papel para secar conductos.', 3000);
INSERT INTO materials (name, description, stock) VALUES ('Limas Endodónticas K-File #25', 'Instrumento manual para limpieza de conductos.', 500);
INSERT INTO materials (name, description, stock) VALUES ('Limas Rotatorias de NiTi', 'Sistema de limas mecanizadas para endodoncia.', 100);
INSERT INTO materials (name, description, stock) VALUES ('Toxina Botulínica (Botox)', 'Toxina para uso terapéutico en bruxismo.', 20);
INSERT INTO materials (name, description, stock) VALUES ('Ácido Hialurónico', 'Material de relleno para estética perioral.', 25);
INSERT INTO materials (name, description, stock) VALUES ('Goma Dique', 'Hoja de látex para aislamiento absoluto.', 150);
INSERT INTO materials (name, description, stock) VALUES ('Clamps para Goma Dique', 'Grapas para sujetar la goma dique.', 200);
INSERT INTO materials (name, description, stock) VALUES ('Óxido de Zinc y Eugenol (ZOE)', 'Material para cementación provisional y base.', 180);
INSERT INTO materials (name, description, stock) VALUES ('Material para Prótesis Flexible', 'Cartuchos de material termoplástico.', 50);
INSERT INTO materials (name, description, stock) VALUES ('Microtornillo de Ortodoncia', 'Tornillo para anclaje esquelético.', 80);
INSERT INTO materials (name, description, stock) VALUES ('Aditamento Protésico para Implante', 'Pilar, transfer, análogo para implantes.', 300);
INSERT INTO materials (name, description, stock) VALUES ('Cepillo para Profilaxis', 'Cepillo desechable para pieza de mano.', 1000);
INSERT INTO materials (name, description, stock) VALUES ('Revelador de Placa', 'Solución o pastillas para teñir la placa bacteriana.', 90);
INSERT INTO materials (name, description, stock) VALUES ('Hilo Retractor Gingival', 'Hilo para separar la encía antes de impresiones.', 110);
INSERT INTO materials (name, description, stock) VALUES ('Hemostático (Sulfato Férrico)', 'Solución para controlar el sangrado.', 70);
INSERT INTO materials (name, description, stock) VALUES ('Resina para Impresión 3D', 'Resina para imprimir modelos o guías quirúrgicas.', 40);
INSERT INTO materials (name, description, stock) VALUES ('Bloques de Zirconio para CAD/CAM', 'Bloques para fresado de coronas.', 60);
INSERT INTO materials (name, description, stock) VALUES ('Cánula de Aspiración Quirúrgica', 'Aspirador de mayor calibre para cirugía.', 200);
INSERT INTO materials (name, description, stock) VALUES ('Campo Quirúrgico Estéril', 'Paño estéril para cubrir superficies.', 250);
INSERT INTO materials (name, description, stock) VALUES ('Bolsas de Esterilización', 'Bolsas para esterilizar instrumental en autoclave.', 800);
INSERT INTO materials (name, description, stock) VALUES ('Indicadores Biológicos', 'Control para verificar la efectividad de la esterilización.', 50);
INSERT INTO materials (name, description, stock) VALUES ('Desinfectante de Superficies', 'Solución para desinfectar el área de trabajo.', 100);
INSERT INTO materials (name, description, stock) VALUES ('Jabón Enzimático', 'Detergente para prelavado de instrumental.', 120);
INSERT INTO materials (name, description, stock) VALUES ('Vaselina', 'Lubricante y protector.', 30);
INSERT INTO materials (name, description, stock) VALUES ('Rollos de Algodón', 'Rollos para aislamiento relativo.', 5000);
INSERT INTO materials (name, description, stock) VALUES ('Espátula para Cemento', 'Instrumento para mezclar cementos.', 40);
INSERT INTO materials (name, description, stock) VALUES ('Loseta de Vidrio', 'Superficie para mezclar materiales.', 60);
INSERT INTO materials (name, description, stock) VALUES ('Arco Facial', 'Instrumento para registrar la posición del maxilar.', 15);
INSERT INTO materials (name, description, stock) VALUES ('Articulador Semiajustable', 'Simulador de los movimientos mandibulares.', 20);
INSERT INTO materials (name, description, stock) VALUES ('Papel de Articular', 'Papel para registrar los puntos de contacto oclusal.', 200);
INSERT INTO materials (name, description, stock) VALUES ('Gel de Flúor Acidulado', 'Gel para fluorización tópica en consulta.', 50);
INSERT INTO materials (name, description, stock) VALUES ('Amoxicilina 500mg', 'Antibiótico de amplio espectro.', 300);
INSERT INTO materials (name, description, stock) VALUES ('Ibuprofeno 600mg', 'Analgésico y antiinflamatorio.', 400);
INSERT INTO materials (name, description, stock) VALUES ('Kit de Emergencias Médicas', 'Equipo con medicamentos para emergencias.', 5);
INSERT INTO materials (name, description, stock) VALUES ('Tanque de Oxígeno', 'Parte del equipo de emergencias.', 10);
INSERT INTO materials (name, description, stock) VALUES ('Bata Desechable', 'Bata de protección para el operador.', 1000);
INSERT INTO materials (name, description, stock) VALUES ('Gorro Desechable', 'Gorro de protección.', 2000);
INSERT INTO materials (name, description, stock) VALUES ('Protectores Oculares', 'Lentes de protección para operador y paciente.', 50);
INSERT INTO materials (name, description, stock) VALUES ('Babero Desechable', 'Protector para el paciente.', 4000);

-- Insertar 100 treatment_materials
INSERT INTO treatment_materials (treatment_id, material_id, quantity) VALUES (2, 1, 1);
INSERT INTO treatment_materials (treatment_id, material_id, quantity) VALUES (79, 2, 1);
INSERT INTO treatment_materials (treatment_id, material_id, quantity) VALUES (26, 3, 1);
INSERT INTO treatment_materials (treatment_id, material_id, quantity) VALUES (7, 4, 1);
INSERT INTO treatment_materials (treatment_id, material_id, quantity) VALUES (36, 5, 1);
INSERT INTO treatment_materials (treatment_id, material_id, quantity) VALUES (8, 6, 1);
INSERT INTO treatment_materials (treatment_id, material_id, quantity) VALUES (4, 7, 4);
INSERT INTO treatment_materials (treatment_id, material_id, quantity) VALUES (12, 8, 2);
INSERT INTO treatment_materials (treatment_id, material_id, quantity) VALUES (7, 9, 2);
INSERT INTO treatment_materials (treatment_id, material_id, quantity) VALUES (51, 10, 1);
INSERT INTO treatment_materials (treatment_id, material_id, quantity) VALUES (95, 11, 1);
INSERT INTO treatment_materials (treatment_id, material_id, quantity) VALUES (19, 12, 1);
INSERT INTO treatment_materials (treatment_id, material_id, quantity) VALUES (3, 13, 1);
INSERT INTO treatment_materials (treatment_id, material_id, quantity) VALUES (98, 14, 1);
INSERT INTO treatment_materials (treatment_id, material_id, quantity) VALUES (1, 15, 1);
INSERT INTO treatment_materials (treatment_id, material_id, quantity) VALUES (5, 16, 2);
INSERT INTO treatment_materials (treatment_id, material_id, quantity) VALUES (5, 17, 2);
INSERT INTO treatment_materials (treatment_id, material_id, quantity) VALUES (6, 18, 3);
INSERT INTO treatment_materials (treatment_id, material_id, quantity) VALUES (49, 19, 1);
INSERT INTO treatment_materials (treatment_id, material_id, quantity) VALUES (29, 20, 1);
INSERT INTO treatment_materials (treatment_id, material_id, quantity) VALUES (10, 21, 20);
INSERT INTO treatment_materials (treatment_id, material_id, quantity) VALUES (10, 22, 2);
INSERT INTO treatment_materials (treatment_id, material_id, quantity) VALUES (7, 23, 1);
INSERT INTO treatment_materials (treatment_id, material_id, quantity) VALUES (74, 24, 1);
INSERT INTO treatment_materials (treatment_id, material_id, quantity) VALUES (33, 25, 1);
INSERT INTO treatment_materials (treatment_id, material_id, quantity) VALUES (2, 26, 1);
INSERT INTO treatment_materials (treatment_id, material_id, quantity) VALUES (2, 27, 1);
INSERT INTO treatment_materials (treatment_id, material_id, quantity) VALUES (1, 28, 1);
INSERT INTO treatment_materials (treatment_id, material_id, quantity) VALUES (20, 29, 1);
INSERT INTO treatment_materials (treatment_id, material_id, quantity) VALUES (15, 30, 1);
INSERT INTO treatment_materials (treatment_id, material_id, quantity) VALUES (13, 31, 1);
INSERT INTO treatment_materials (treatment_id, material_id, quantity) VALUES (13, 32, 10);
INSERT INTO treatment_materials (treatment_id, material_id, quantity) VALUES (12, 33, 1);
INSERT INTO treatment_materials (treatment_id, material_id, quantity) VALUES (14, 34, 1);
INSERT INTO treatment_materials (treatment_id, material_id, quantity) VALUES (4, 35, 2);
INSERT INTO treatment_materials (treatment_id, material_id, quantity) VALUES (4, 36, 2);
INSERT INTO treatment_materials (treatment_id, material_id, quantity) VALUES (4, 37, 1);
INSERT INTO treatment_materials (treatment_id, material_id, quantity) VALUES (5, 38, 10);
INSERT INTO treatment_materials (treatment_id, material_id, quantity) VALUES (1, 39, 20);
INSERT INTO treatment_materials (treatment_id, material_id, quantity) VALUES (1, 40, 2);
INSERT INTO treatment_materials (treatment_id, material_id, quantity) VALUES (1, 41, 10);
INSERT INTO treatment_materials (treatment_id, material_id, quantity) VALUES (2, 42, 1);
INSERT INTO treatment_materials (treatment_id, material_id, quantity) VALUES (2, 43, 1);
INSERT INTO treatment_materials (treatment_id, material_id, quantity) VALUES (2, 44, 1);
INSERT INTO treatment_materials (treatment_id, material_id, quantity) VALUES (25, 45, 1);
INSERT INTO treatment_materials (treatment_id, material_id, quantity) VALUES (6, 46, 3);
INSERT INTO treatment_materials (treatment_id, material_id, quantity) VALUES (6, 47, 1);
INSERT INTO treatment_materials (treatment_id, material_id, quantity) VALUES (5, 48, 2);
INSERT INTO treatment_materials (treatment_id, material_id, quantity) VALUES (22, 49, 1);
INSERT INTO treatment_materials (treatment_id, material_id, quantity) VALUES (10, 50, 2);
INSERT INTO treatment_materials (treatment_id, material_id, quantity) VALUES (16, 51, 1);
INSERT INTO treatment_materials (treatment_id, material_id, quantity) VALUES (2, 52, 4);
INSERT INTO treatment_materials (treatment_id, material_id, quantity) VALUES (2, 53, 4);
INSERT INTO treatment_materials (treatment_id, material_id, quantity) VALUES (2, 54, 10);
INSERT INTO treatment_materials (treatment_id, material_id, quantity) VALUES (2, 55, 10);
INSERT INTO treatment_materials (treatment_id, material_id, quantity) VALUES (4, 56, 10);
INSERT INTO treatment_materials (treatment_id, material_id, quantity) VALUES (4, 57, 1);
INSERT INTO treatment_materials (treatment_id, material_id, quantity) VALUES (4, 58, 1);
INSERT INTO treatment_materials (treatment_id, material_id, quantity) VALUES (99, 59, 1);
INSERT INTO treatment_materials (treatment_id, material_id, quantity) VALUES (100, 60, 1);
INSERT INTO treatment_materials (treatment_id, material_id, quantity) VALUES (4, 61, 1);
INSERT INTO treatment_materials (treatment_id, material_id, quantity) VALUES (4, 62, 4);
INSERT INTO treatment_materials (treatment_id, material_id, quantity) VALUES (51, 63, 1);
INSERT INTO treatment_materials (treatment_id, material_id, quantity) VALUES (90, 64, 1);
INSERT INTO treatment_materials (treatment_id, material_id, quantity) VALUES (66, 65, 1);
INSERT INTO treatment_materials (treatment_id, material_id, quantity) VALUES (8, 66, 1);
INSERT INTO treatment_materials (treatment_id, material_id, quantity) VALUES (1, 67, 1);
INSERT INTO treatment_materials (treatment_id, material_id, quantity) VALUES (70, 68, 1);
INSERT INTO treatment_materials (treatment_id, material_id, quantity) VALUES (11, 69, 1);
INSERT INTO treatment_materials (treatment_id, material_id, quantity) VALUES (46, 70, 1);
INSERT INTO treatment_materials (treatment_id, material_id, quantity) VALUES (75, 71, 1);
INSERT INTO treatment_materials (treatment_id, material_id, quantity) VALUES (76, 72, 1);
INSERT INTO treatment_materials (treatment_id, material_id, quantity) VALUES (1, 73, 10);
INSERT INTO treatment_materials (treatment_id, material_id, quantity) VALUES (1, 74, 1);
INSERT INTO treatment_materials (treatment_id, material_id, quantity) VALUES (1, 75, 1);
INSERT INTO treatment_materials (treatment_id, material_id, quantity) VALUES (1, 76, 1);
INSERT INTO treatment_materials (treatment_id, material_id, quantity) VALUES (73, 77, 1);
INSERT INTO treatment_materials (treatment_id, material_id, quantity) VALUES (74, 78, 1);
INSERT INTO treatment_materials (treatment_id, material_id, quantity) VALUES (72, 79, 1);
INSERT INTO treatment_materials (treatment_id, material_id, quantity) VALUES (21, 80, 1);
INSERT INTO treatment_materials (treatment_id, material_id, quantity) VALUES (77, 81, 1);
INSERT INTO treatment_materials (treatment_id, material_id, quantity) VALUES (99, 82, 1);
INSERT INTO treatment_materials (treatment_id, material_id, quantity) VALUES (100, 83, 1);
INSERT INTO treatment_materials (treatment_id, material_id, quantity) VALUES (96, 84, 1);
INSERT INTO treatment_materials (treatment_id, material_id, quantity) VALUES (97, 85, 1);
INSERT INTO treatment_materials (treatment_id, material_id, quantity) VALUES (98, 86, 1);
INSERT INTO treatment_materials (treatment_id, material_id, quantity) VALUES (20, 87, 1);
INSERT INTO treatment_materials (treatment_id, material_id, quantity) VALUES (1, 88, 10);
INSERT INTO treatment_materials (treatment_id, material_id, quantity) VALUES (1, 89, 1);
INSERT INTO treatment_materials (treatment_id, material_id, quantity) VALUES (1, 90, 1);
INSERT INTO treatment_materials (treatment_id, material_id, quantity) VALUES (1, 91, 1);
INSERT INTO treatment_materials (treatment_id, material_id, quantity) VALUES (1, 92, 1);
INSERT INTO treatment_materials (treatment_id, material_id, quantity) VALUES (1, 93, 1);
INSERT INTO treatment_materials (treatment_id, material_id, quantity) VALUES (1, 94, 1);
INSERT INTO treatment_materials (treatment_id, material_id, quantity) VALUES (1, 95, 1);
INSERT INTO treatment_materials (treatment_id, material_id, quantity) VALUES (1, 96, 1);
INSERT INTO treatment_materials (treatment_id, material_id, quantity) VALUES (1, 97, 1);
INSERT INTO treatment_materials (treatment_id, material_id, quantity) VALUES (1, 98, 1);
INSERT INTO treatment_materials (treatment_id, material_id, quantity) VALUES (1, 99, 1);
INSERT INTO treatment_materials (treatment_id, material_id, quantity) VALUES (1, 100, 1);

-- Insertar 100 laboratorios dentales
INSERT INTO dental_labs (name, phone, address) VALUES ('Laboratorio Dental Sonrisa Perfecta', '555-1001', 'Calle de la Prótesis 123');
INSERT INTO dental_labs (name, phone, address) VALUES ('Cerami-Dent', '555-1002', 'Avenida de la Corona 456');
INSERT INTO dental_labs (name, phone, address) VALUES ('Pro-Art Dental', '555-1003', 'Carrera del Modelo 789');
INSERT INTO dental_labs (name, phone, address) VALUES ('Orto-Lab', '555-1004', 'Calle del Alambre 101');
INSERT INTO dental_labs (name, phone, address) VALUES ('Impla-Tech', '555-1005', 'Avenida del Titanio 212');
INSERT INTO dental_labs (name, phone, address) VALUES ('Esthetic Lab', '555-1006', 'Carrera de la Carilla 313');
INSERT INTO dental_labs (name, phone, address) VALUES ('Digital Dental Solutions', '555-1007', 'Calle del CAD/CAM 414');
INSERT INTO dental_labs (name, phone, address) VALUES ('Laboratorio Dental Central', '555-1008', 'Avenida Principal 515');
INSERT INTO dental_labs (name, phone, address) VALUES ('Removable Prosthetics Inc.', '555-1009', 'Carrera del Acrílico 616');
INSERT INTO dental_labs (name, phone, address) VALUES ('Fixed Precision Lab', '555-1010', 'Calle del Zirconio 717');
INSERT INTO dental_labs (name, phone, address) VALUES ('Dental Design Studio', '555-1011', 'Avenida de la Estética 818');
INSERT INTO dental_labs (name, phone, address) VALUES ('Advanced Ceramics', '555-1012', 'Carrera de la Porcelana 919');
INSERT INTO dental_labs (name, phone, address) VALUES ('Ortho-Pro', '555-1013', 'Calle de los Retenedores 111');
INSERT INTO dental_labs (name, phone, address) VALUES ('Precision Implant Lab', '555-1014', 'Avenida de los Pilares 222');
INSERT INTO dental_labs (name, phone, address) VALUES ('Smile Crafters', '555-1015', 'Carrera de la Sonrisa 333');
INSERT INTO dental_labs (name, phone, address) VALUES ('CAD/CAM Masters', '555-1016', 'Calle del Escáner 444');
INSERT INTO dental_labs (name, phone, address) VALUES ('Laboratorio Dental Regional', '555-1017', 'Avenida del Sur 555');
INSERT INTO dental_labs (name, phone, address) VALUES ('Flexi-Dent', '555-1018', 'Carrera de las Prótesis Flexibles 666');
INSERT INTO dental_labs (name, phone, address) VALUES ('Metal-Free Lab', '555-1019', 'Calle del Disilicato 777');
INSERT INTO dental_labs (name, phone, address) VALUES ('Dental Arts', '555-1020', 'Avenida de los Artesanos 888');
INSERT INTO dental_labs (name, phone, address) VALUES ('Orto-Flex', '555-1021', 'Carrera de los Alineadores 999');
INSERT INTO dental_labs (name, phone, address) VALUES ('Surgical Guides Lab', '555-1022', 'Calle de la Guía Quirúrgica 121');
INSERT INTO dental_labs (name, phone, address) VALUES ('Dental Lab Express', '555-1023', 'Avenida de la Rapidez 232');
INSERT INTO dental_labs (name, phone, address) VALUES ('The Crown and Bridge Experts', '555-1024', 'Carrera del Puente 343');
INSERT INTO dental_labs (name, phone, address) VALUES ('Aesthetic Dental Creations', '555-1025', 'Calle de la Belleza 454');
INSERT INTO dental_labs (name, phone, address) VALUES ('3D Dental Printing', '555-1026', 'Avenida de la Impresión 565');
INSERT INTO dental_labs (name, phone, address) VALUES ('Laboratorio Dental Innovador', '555-1027', 'Carrera de la Tecnología 676');
INSERT INTO dental_labs (name, phone, address) VALUES ('Denture Center', '555-1028', 'Calle de la Prótesis Total 787');
INSERT INTO dental_labs (name, phone, address) VALUES ('Zirconia Milling Center', '555-1029', 'Avenida del Fresado 898');
INSERT INTO dental_labs (name, phone, address) VALUES ('Art-Dent', '555-1030', 'Carrera del Arte Dental 909');
INSERT INTO dental_labs (name, phone, address) VALUES ('Laboratorio Dental Familiar', '555-1031', 'Calle de la Confianza 131');
INSERT INTO dental_labs (name, phone, address) VALUES ('Ceramic Art', '555-1032', 'Avenida de la Cerámica 242');
INSERT INTO dental_labs (name, phone, address) VALUES ('Orto-Design', '555-1033', 'Carrera del Diseño Ortodóncico 353');
INSERT INTO dental_labs (name, phone, address) VALUES ('Implant Prosthetics', '555-1034', 'Calle de la Prótesis sobre Implante 464');
INSERT INTO dental_labs (name, phone, address) VALUES ('Smile Lab', '555-1035', 'Avenida de la Felicidad 575');
INSERT INTO dental_labs (name, phone, address) VALUES ('Digital Smile Design Lab', '555-1036', 'Carrera del DSD 686');
INSERT INTO dental_labs (name, phone, address) VALUES ('Laboratorio Dental del Norte', '555-1037', 'Calle del Norte 797');
INSERT INTO dental_labs (name, phone, address) VALUES ('Pro-Form', '555-1038', 'Avenida de las Férulas 808');
INSERT INTO dental_labs (name, phone, address) VALUES ('E-max Center', '555-1039', 'Carrera del Vidrio Cerámico 919');
INSERT INTO dental_labs (name, phone, address) VALUES ('Dental Tech Group', '555-1040', 'Calle de la Unión 141');
INSERT INTO dental_labs (name, phone, address) VALUES ('Orto-Kids', '555-1041', 'Avenida de la Ortopedia 252');
INSERT INTO dental_labs (name, phone, address) VALUES ('Guided Surgery Solutions', '555-1042', 'Carrera de la Planificación 363');
INSERT INTO dental_labs (name, phone, address) VALUES ('Quick-Lab', '555-1043', 'Calle de la Urgencia 474');
INSERT INTO dental_labs (name, phone, address) VALUES ('The Bridge Masters', '555-1044', 'Avenida de los Pónticos 585');
INSERT INTO dental_labs (name, phone, address) VALUES ('Cosmetic Dental Lab', '555-1045', 'Carrera de la Cosmética 696');
INSERT INTO dental_labs (name, phone, address) VALUES ('3D Model Lab', '555-1046', 'Calle de los Modelos 3D 707');
INSERT INTO dental_labs (name, phone, address) VALUES ('Laboratorio Dental Futuro', '555-1047', 'Avenida del Mañana 818');
INSERT INTO dental_labs (name, phone, address) VALUES ('Complete Denture Lab', '555-1048', 'Carrera de los Edéntulos 929');
INSERT INTO dental_labs (name, phone, address) VALUES ('Zirconia Experts', '555-1049', 'Calle del Óxido de Zirconio 151');
INSERT INTO dental_labs (name, phone, address) VALUES ('Dental Creations', '555-1050', 'Avenida de la Creatividad 262');
INSERT INTO dental_labs (name, phone, address) VALUES ('Laboratorio Dental del Este', '555-1051', 'Calle del Sol Naciente 373');
INSERT INTO dental_labs (name, phone, address) VALUES ('Ceramic Masters', '555-1052', 'Avenida de los Ceramistas 484');
INSERT INTO dental_labs (name, phone, address) VALUES ('Orto-Clear', '555-1053', 'Carrera de la Transparencia 595');
INSERT INTO dental_labs (name, phone, address) VALUES ('Implant Solutions', '555-1054', 'Calle de la Oseointegración 606');
INSERT INTO dental_labs (name, phone, address) VALUES ('Happy Smile Lab', '555-1055', 'Avenida de la Alegría 717');
INSERT INTO dental_labs (name, phone, address) VALUES ('Digital Workflow Lab', '555-1056', 'Carrera del Flujo Digital 828');
INSERT INTO dental_labs (name, phone, address) VALUES ('Laboratorio Dental del Oeste', '555-1057', 'Calle del Atardecer 939');
INSERT INTO dental_labs (name, phone, address) VALUES ('Thermo-Plast', '555-1058', 'Avenida del Termoformado 161');
INSERT INTO dental_labs (name, phone, address) VALUES ('All-Ceramic Lab', '555-1059', 'Carrera de la Cerámica Pura 272');
INSERT INTO dental_labs (name, phone, address) VALUES ('Dental Tech Services', '555-1060', 'Calle de los Servicios Dentales 383');
INSERT INTO dental_labs (name, phone, address) VALUES ('Orto-Appliance Lab', '555-1061', 'Avenida de los Aparatos 494');
INSERT INTO dental_labs (name, phone, address) VALUES ('Precision Surgical Lab', '555-1062', 'Carrera de la Cirugía Guiada 505');
INSERT INTO dental_labs (name, phone, address) VALUES ('Express Denture Repair', '555-1063', 'Calle de las Reparaciones 616');
INSERT INTO dental_labs (name, phone, address) VALUES ('Maryland Bridge Lab', '555-1064', 'Avenida del Puente Adhesivo 727');
INSERT INTO dental_labs (name, phone, address) VALUES ('Veneer Experts', '555-1065', 'Carrera de las Carillas 838');
INSERT INTO dental_labs (name, phone, address) VALUES ('3D Guide Lab', '555-1066', 'Calle de las Guías 3D 949');
INSERT INTO dental_labs (name, phone, address) VALUES ('Laboratorio Dental Visión', '555-1067', 'Avenida del Futuro 171');
INSERT INTO dental_labs (name, phone, address) VALUES ('Removable Solutions', '555-1068', 'Carrera de los Removibles 282');
INSERT INTO dental_labs (name, phone, address) VALUES ('Monolithic Zirconia Lab', '555-1069', 'Calle de la Monolítica 393');
INSERT INTO dental_labs (name, phone, address) VALUES ('Art & Science Dental Lab', '555-1070', 'Avenida de la Ciencia y el Arte 404');
INSERT INTO dental_labs (name, phone, address) VALUES ('Laboratorio Dental del Centro', '555-1071', 'Calle Central 515');
INSERT INTO dental_labs (name, phone, address) VALUES ('Ceramic Excellence', '555-1072', 'Avenida de la Excelencia 626');
INSERT INTO dental_labs (name, phone, address) VALUES ('Orto-Perfect', '555-1073', 'Carrera de la Perfección 737');
INSERT INTO dental_labs (name, phone, address) VALUES ('Implant Design', '555-1074', 'Calle del Diseño de Implantes 848');
INSERT INTO dental_labs (name, phone, address) VALUES ('Bright Smile Lab', '555-1075', 'Avenida de la Sonrisa Brillante 959');
INSERT INTO dental_labs (name, phone, address) VALUES ('Digital Dental Art', '555-1076', 'Carrera del Arte Digital 181');
INSERT INTO dental_labs (name, phone, address) VALUES ('Laboratorio Dental Metropolitano', '555-1077', 'Calle de la Metrópolis 292');
INSERT INTO dental_labs (name, phone, address) VALUES ('Night Guard Lab', '555-1078', 'Avenida de los Protectores Nocturnos 303');
INSERT INTO dental_labs (name, phone, address) VALUES ('High-Translucency Zirconia', '555-1079', 'Carrera de la Alta Translucidez 414');
INSERT INTO dental_labs (name, phone, address) VALUES ('Dental Lab Partners', '555-1080', 'Calle de los Socios 525');
INSERT INTO dental_labs (name, phone, address) VALUES ('Pediatric Dental Lab', '555-1081', 'Avenida de los Niños 636');
INSERT INTO dental_labs (name, phone, address) VALUES ('Implant Planning Center', '555-1082', 'Carrera de la Planificación 3D 747');
INSERT INTO dental_labs (name, phone, address) VALUES ('Same-Day Denture Repair', '555-1083', 'Calle de la Inmediatez 858');
INSERT INTO dental_labs (name, phone, address) VALUES ('Aesthetic Bridge Lab', '555-1084', 'Avenida del Puente Estético 969');
INSERT INTO dental_labs (name, phone, address) VALUES ('Hollywood Smile Lab', '555-1085', 'Carrera de las Estrellas 191');
INSERT INTO dental_labs (name, phone, address) VALUES ('3D Printing Services', '555-1086', 'Calle de la Resina Impresa 202');
INSERT INTO dental_labs (name, phone, address) VALUES ('Laboratorio Dental Vanguardia', '555-1087', 'Avenida de la Innovación 313');
INSERT INTO dental_labs (name, phone, address) VALUES ('Denture Masters', '555-1088', 'Carrera de los Maestros Protesistas 424');
INSERT INTO dental_labs (name, phone, address) VALUES ('Zirconia Art Lab', '555-1089', 'Calle del Arte en Zirconio 535');
INSERT INTO dental_labs (name, phone, address) VALUES ('Dental Lab Solutions', '555-1090', 'Avenida de las Soluciones 646');
INSERT INTO dental_labs (name, phone, address) VALUES ('Laboratorio Dental Confianza', '555-1091', 'Calle de la Amistad 757');
INSERT INTO dental_labs (name, phone, address) VALUES ('Ceramic Pro', '555-1092', 'Avenida de los Profesionales 868');
INSERT INTO dental_labs (name, phone, address) VALUES ('Orto-Fast', '555-1093', 'Carrera de la Rapidez Ortodóncica 979');
INSERT INTO dental_labs (name, phone, address) VALUES ('Implant Direct Lab', '555-1094', 'Calle del Laboratorio Directo 101');
INSERT INTO dental_labs (name, phone, address) VALUES ('Gleam Smile Lab', '555-1095', 'Avenida del Brillo 212');
INSERT INTO dental_labs (name, phone, address) VALUES ('Digital Dental Crafters', '555-1096', 'Carrera de los Artesanos Digitales 323');
INSERT INTO dental_labs (name, phone, address) VALUES ('Laboratorio Dental Nacional', '555-1097', 'Calle de la Nación 434');
INSERT INTO dental_labs (name, phone, address) VALUES ('Splint-Lab', '555-1098', 'Avenida de las Férulas Oclusales 545');
INSERT INTO dental_labs (name, phone, address) VALUES ('Full Ceramic Solutions', '555-1099', 'Carrera de la Cerámica Total 656');
INSERT INTO dental_labs (name, phone, address) VALUES ('Dental Tech Alliance', '555-1100', 'Calle de la Alianza 767');

-- Insertar 100 pagos
INSERT INTO payments (plan_id, payment_date, amount, payment_method) VALUES (1, TO_DATE('2023-01-15', 'YYYY-MM-DD'), 1000.00, 'Tarjeta de Crédito');
INSERT INTO payments (plan_id, payment_date, amount, payment_method) VALUES (1, TO_DATE('2023-07-15', 'YYYY-MM-DD'), 750.00, 'Transferencia');
INSERT INTO payments (plan_id, payment_date, amount, payment_method) VALUES (1, TO_DATE('2024-01-15', 'YYYY-MM-DD'), 750.00, 'Efectivo');
INSERT INTO payments (plan_id, payment_date, amount, payment_method) VALUES (2, TO_DATE('2023-02-01', 'YYYY-MM-DD'), 600.00, 'Tarjeta de Crédito');
INSERT INTO payments (plan_id, payment_date, amount, payment_method) VALUES (3, TO_DATE('2023-02-10', 'YYYY-MM-DD'), 400.00, 'Efectivo');
INSERT INTO payments (plan_id, payment_date, amount, payment_method) VALUES (4, TO_DATE('2023-03-05', 'YYYY-MM-DD'), 130.00, 'Tarjeta de Crédito');
INSERT INTO payments (plan_id, payment_date, amount, payment_method) VALUES (5, TO_DATE('2023-03-20', 'YYYY-MM-DD'), 250.00, 'Transferencia');
INSERT INTO payments (plan_id, payment_date, amount, payment_method) VALUES (6, TO_DATE('2023-04-01', 'YYYY-MM-DD'), 130.00, 'Efectivo');
INSERT INTO payments (plan_id, payment_date, amount, payment_method) VALUES (7, TO_DATE('2023-04-10', 'YYYY-MM-DD'), 350.00, 'Tarjeta de Crédito');
INSERT INTO payments (plan_id, payment_date, amount, payment_method) VALUES (8, TO_DATE('2023-05-01', 'YYYY-MM-DD'), 1000.00, 'Transferencia');
INSERT INTO payments (plan_id, payment_date, amount, payment_method) VALUES (9, TO_DATE('2023-05-15', 'YYYY-MM-DD'), 250.00, 'Efectivo');
INSERT INTO payments (plan_id, payment_date, amount, payment_method) VALUES (11, TO_DATE('2023-06-10', 'YYYY-MM-DD'), 200.00, 'Tarjeta de Crédito');
INSERT INTO payments (plan_id, payment_date, amount, payment_method) VALUES (13, TO_DATE('2023-07-15', 'YYYY-MM-DD'), 300.00, 'Efectivo');
INSERT INTO payments (plan_id, payment_date, amount, payment_method) VALUES (14, TO_DATE('2023-08-01', 'YYYY-MM-DD'), 150.00, 'Tarjeta de Crédito');
INSERT INTO payments (plan_id, payment_date, amount, payment_method) VALUES (16, TO_DATE('2023-09-01', 'YYYY-MM-DD'), 1500.00, 'Transferencia');
INSERT INTO payments (plan_id, payment_date, amount, payment_method) VALUES (18, TO_DATE('2023-10-01', 'YYYY-MM-DD'), 500.00, 'Efectivo');
INSERT INTO payments (plan_id, payment_date, amount, payment_method) VALUES (19, TO_DATE('2023-10-15', 'YYYY-MM-DD'), 120.00, 'Tarjeta de Crédito');
INSERT INTO payments (plan_id, payment_date, amount, payment_method) VALUES (20, TO_DATE('2023-11-01', 'YYYY-MM-DD'), 1000.00, 'Transferencia');INSERT INTO payments (plan_id, payment_date, amount, payment_method) VALUES (21, TO_DATE('2023-11-15', 'YYYY-MM-DD'), 80.00, 'Efectivo');
INSERT INTO payments (plan_id, payment_date, amount, payment_method) VALUES (22, TO_DATE('2023-12-01', 'YYYY-MM-DD'), 300.00, 'Tarjeta de Crédito');
INSERT INTO payments (plan_id, payment_date, amount, payment_method) VALUES (23, TO_DATE('2024-01-10', 'YYYY-MM-DD'), 250.00, 'Transferencia');
INSERT INTO payments (plan_id, payment_date, amount, payment_method) VALUES (24, TO_DATE('2024-01-20', 'YYYY-MM-DD'), 400.00, 'Efectivo');
INSERT INTO payments (plan_id, payment_date, amount, payment_method) VALUES (25, TO_DATE('2024-02-01', 'YYYY-MM-DD'), 150.00, 'Tarjeta de Crédito');
INSERT INTO payments (plan_id, payment_date, amount, payment_method) VALUES (26, TO_DATE('2024-02-15', 'YYYY-MM-DD'), 120.00, 'Transferencia');
INSERT INTO payments (plan_id, payment_date, amount, payment_method) VALUES (27, TO_DATE('2024-03-01', 'YYYY-MM-DD'), 200.00, 'Efectivo');
INSERT INTO payments (plan_id, payment_date, amount, payment_method) VALUES (28, TO_DATE('2024-03-15', 'YYYY-MM-DD'), 180.00, 'Tarjeta de Crédito');
INSERT INTO payments (plan_id, payment_date, amount, payment_method) VALUES (29, TO_DATE('2024-04-01', 'YYYY-MM-DD'), 90.00, 'Transferencia');
INSERT INTO payments (plan_id, payment_date, amount, payment_method) VALUES (30, TO_DATE('2024-04-15', 'YYYY-MM-DD'), 350.00, 'Efectivo');
INSERT INTO payments (plan_id, payment_date, amount, payment_method) VALUES (31, TO_DATE('2024-05-01', 'YYYY-MM-DD'), 400.00, 'Tarjeta de Crédito');
INSERT INTO payments (plan_id, payment_date, amount, payment_method) VALUES (32, TO_DATE('2024-05-15', 'YYYY-MM-DD'), 250.00, 'Transferencia');
INSERT INTO payments (plan_id, payment_date, amount, payment_method) VALUES (33, TO_DATE('2024-06-01', 'YYYY-MM-DD'), 80.00, 'Efectivo');
INSERT INTO payments (plan_id, payment_date, amount, payment_method) VALUES (34, TO_DATE('2024-06-15', 'YYYY-MM-DD'), 300.00, 'Tarjeta de Crédito');
INSERT INTO payments (plan_id, payment_date, amount, payment_method) VALUES (35, TO_DATE('2024-07-01', 'YYYY-MM-DD'), 150.00, 'Transferencia');
INSERT INTO payments (plan_id, payment_date, amount, payment_method) VALUES (36, TO_DATE('2024-07-15', 'YYYY-MM-DD'), 200.00, 'Efectivo');
INSERT INTO payments (plan_id, payment_date, amount, payment_method) VALUES (37, TO_DATE('2024-08-01', 'YYYY-MM-DD'), 180.00, 'Tarjeta de Crédito');
INSERT INTO payments (plan_id, payment_date, amount, payment_method) VALUES (38, TO_DATE('2024-08-15', 'YYYY-MM-DD'), 120.00, 'Transferencia');
INSERT INTO payments (plan_id, payment_date, amount, payment_method) VALUES (39, TO_DATE('2024-09-01', 'YYYY-MM-DD'), 50.00, 'Efectivo');
INSERT INTO payments (plan_id, payment_date, amount, payment_method) VALUES (40, TO_DATE('2024-09-15', 'YYYY-MM-DD'), 100.00, 'Tarjeta de Crédito');
INSERT INTO payments (plan_id, payment_date, amount, payment_method) VALUES (41, TO_DATE('2024-10-01', 'YYYY-MM-DD'), 250.00, 'Transferencia');
INSERT INTO payments (plan_id, payment_date, amount, payment_method) VALUES (42, TO_DATE('2024-10-15', 'YYYY-MM-DD'), 80.00, 'Efectivo');
INSERT INTO payments (plan_id, payment_date, amount, payment_method) VALUES (43, TO_DATE('2024-11-01', 'YYYY-MM-DD'), 200.00, 'Tarjeta de Crédito');
INSERT INTO payments (plan_id, payment_date, amount, payment_method) VALUES (44, TO_DATE('2024-11-15', 'YYYY-MM-DD'), 50.00, 'Transferencia');
INSERT INTO payments (plan_id, payment_date, amount, payment_method) VALUES (45, TO_DATE('2024-12-01', 'YYYY-MM-DD'), 50.00, 'Efectivo');
INSERT INTO payments (plan_id, payment_date, amount, payment_method) VALUES (47, TO_DATE('2024-12-15', 'YYYY-MM-DD'), 150.00, 'Tarjeta de Crédito');
INSERT INTO payments (plan_id, payment_date, amount, payment_method) VALUES (48, TO_DATE('2025-01-01', 'YYYY-MM-DD'), 150.00, 'Transferencia');
INSERT INTO payments (plan_id, payment_date, amount, payment_method) VALUES (49, TO_DATE('2025-01-15', 'YYYY-MM-DD'), 150.00, 'Efectivo');
INSERT INTO payments (plan_id, payment_date, amount, payment_method) VALUES (50, TO_DATE('2025-02-01', 'YYYY-MM-DD'), 80.00, 'Tarjeta de Crédito');
INSERT INTO payments (plan_id, payment_date, amount, payment_method) VALUES (51, TO_DATE('2025-02-15', 'YYYY-MM-DD'), 40.00, 'Transferencia');
INSERT INTO payments (plan_id, payment_date, amount, payment_method) VALUES (52, TO_DATE('2025-03-01', 'YYYY-MM-DD'), 40.00, 'Efectivo');
INSERT INTO payments (plan_id, payment_date, amount, payment_method) VALUES (53, TO_DATE('2025-03-15', 'YYYY-MM-DD'), 180.00, 'Tarjeta de Crédito');
INSERT INTO payments (plan_id, payment_date, amount, payment_method) VALUES (54, TO_DATE('2025-04-01', 'YYYY-MM-DD'), 50.00, 'Transferencia');
INSERT INTO payments (plan_id, payment_date, amount, payment_method) VALUES (56, TO_DATE('2025-04-15', 'YYYY-MM-DD'), 80.00, 'Efectivo');
INSERT INTO payments (plan_id, payment_date, amount, payment_method) VALUES (57, TO_DATE('2025-05-01', 'YYYY-MM-DD'), 40.00, 'Tarjeta de Crédito');
INSERT INTO payments (plan_id, payment_date, amount, payment_method) VALUES (59, TO_DATE('2025-05-15', 'YYYY-MM-DD'), 40.00, 'Transferencia');
INSERT INTO payments (plan_id, payment_date, amount, payment_method) VALUES (60, TO_DATE('2025-06-01', 'YYYY-MM-DD'), 50.00, 'Efectivo');
INSERT INTO payments (plan_id, payment_date, amount, payment_method) VALUES (61, TO_DATE('2025-06-15', 'YYYY-MM-DD'), 400.00, 'Tarjeta de Crédito');
INSERT INTO payments (plan_id, payment_date, amount, payment_method) VALUES (62, TO_DATE('2025-07-01', 'YYYY-MM-DD'), 250.00, 'Transferencia');
INSERT INTO payments (plan_id, payment_date, amount, payment_method) VALUES (63, TO_DATE('2025-07-15', 'YYYY-MM-DD'), 40.00, 'Efectivo');
INSERT INTO payments (plan_id, payment_date, amount, payment_method) VALUES (64, TO_DATE('2025-08-01', 'YYYY-MM-DD'), 50.00, 'Tarjeta de Crédito');
INSERT INTO payments (plan_id, payment_date, amount, payment_method) VALUES (65, TO_DATE('2025-08-15', 'YYYY-MM-DD'), 150.00, 'Transferencia');
INSERT INTO payments (plan_id, payment_date, amount, payment_method) VALUES (68, TO_DATE('2025-09-01', 'YYYY-MM-DD'), 90.00, 'Efectivo');
INSERT INTO payments (plan_id, payment_date, amount, payment_method) VALUES (69, TO_DATE('2025-09-15', 'YYYY-MM-DD'), 80.00, 'Tarjeta de Crédito');
INSERT INTO payments (plan_id, payment_date, amount, payment_method) VALUES (70, TO_DATE('2025-10-01', 'YYYY-MM-DD'), 250.00, 'Transferencia');
INSERT INTO payments (plan_id, payment_date, amount, payment_method) VALUES (71, TO_DATE('2025-10-15', 'YYYY-MM-DD'), 80.00, 'Efectivo');
INSERT INTO payments (plan_id, payment_date, amount, payment_method) VALUES (72, TO_DATE('2025-11-01', 'YYYY-MM-DD'), 80.00, 'Tarjeta de Crédito');
INSERT INTO payments (plan_id, payment_date, amount, payment_method) VALUES (73, TO_DATE('2025-11-15', 'YYYY-MM-DD'), 70.00, 'Transferencia');
INSERT INTO payments (plan_id, payment_date, amount, payment_method) VALUES (74, TO_DATE('2025-12-01', 'YYYY-MM-DD'), 150.00, 'Efectivo');
INSERT INTO payments (plan_id, payment_date, amount, payment_method) VALUES (75, TO_DATE('2025-12-15', 'YYYY-MM-DD'), 200.00, 'Tarjeta de Crédito');
INSERT INTO payments (plan_id, payment_date, amount, payment_method) VALUES (76, TO_DATE('2026-01-01', 'YYYY-MM-DD'), 200.00, 'Transferencia');
INSERT INTO payments (plan_id, payment_date, amount, payment_method) VALUES (77, TO_DATE('2026-01-15', 'YYYY-MM-DD'), 300.00, 'Efectivo');
INSERT INTO payments (plan_id, payment_date, amount, payment_method) VALUES (78, TO_DATE('2026-02-01', 'YYYY-MM-DD'), 60.00, 'Tarjeta de Crédito');
INSERT INTO payments (plan_id, payment_date, amount, payment_method) VALUES (79, TO_DATE('2026-02-15', 'YYYY-MM-DD'), 800.00, 'Transferencia');
INSERT INTO payments (plan_id, payment_date, amount, payment_method) VALUES (80, TO_DATE('2026-03-01', 'YYYY-MM-DD'), 100.00, 'Efectivo');
INSERT INTO payments (plan_id, payment_date, amount, payment_method) VALUES (81, TO_DATE('2026-03-15', 'YYYY-MM-DD'), 80.00, 'Tarjeta de Crédito');
INSERT INTO payments (plan_id, payment_date, amount, payment_method) VALUES (82, TO_DATE('2026-04-01', 'YYYY-MM-DD'), 40.00, 'Transferencia');
INSERT INTO payments (plan_id, payment_date, amount, payment_method) VALUES (83, TO_DATE('2026-04-15', 'YYYY-MM-DD'), 300.00, 'Efectivo');
INSERT INTO payments (plan_id, payment_date, amount, payment_method) VALUES (84, TO_DATE('2026-05-01', 'YYYY-MM-DD'), 100.00, 'Tarjeta de Crédito');
INSERT INTO payments (plan_id, payment_date, amount, payment_method) VALUES (85, TO_DATE('2026-05-15', 'YYYY-MM-DD'), 80.00, 'Transferencia');
INSERT INTO payments (plan_id, payment_date, amount, payment_method) VALUES (86, TO_DATE('2026-06-01', 'YYYY-MM-DD'), 40.00, 'Efectivo');
INSERT INTO payments (plan_id, payment_date, amount, payment_method) VALUES (87, TO_DATE('2026-06-15', 'YYYY-MM-DD'), 85.00, 'Tarjeta de Crédito');
INSERT INTO payments (plan_id, payment_date, amount, payment_method) VALUES (88, TO_DATE('2026-07-01', 'YYYY-MM-DD'), 40.00, 'Transferencia');
INSERT INTO payments (plan_id, payment_date, amount, payment_method) VALUES (89, TO_DATE('2026-07-15', 'YYYY-MM-DD'), 50.00, 'Efectivo');
INSERT INTO payments (plan_id, payment_date, amount, payment_method) VALUES (90, TO_DATE('2026-08-01', 'YYYY-MM-DD'), 40.00, 'Tarjeta de Crédito');
INSERT INTO payments (plan_id, payment_date, amount, payment_method) VALUES (91, TO_DATE('2026-08-15', 'YYYY-MM-DD'), 50.00, 'Transferencia');
INSERT INTO payments (plan_id, payment_date, amount, payment_method) VALUES (92, TO_DATE('2026-09-01', 'YYYY-MM-DD'), 40.00, 'Efectivo');
INSERT INTO payments (plan_id, payment_date, amount, payment_method) VALUES (93, TO_DATE('2026-09-15', 'YYYY-MM-DD'), 40.00, 'Tarjeta de Crédito');
INSERT INTO payments (plan_id, payment_date, amount, payment_method) VALUES (95, TO_DATE('2026-10-01', 'YYYY-MM-DD'), 60.00, 'Transferencia');
INSERT INTO payments (plan_id, payment_date, amount, payment_method) VALUES (96, TO_DATE('2026-10-15', 'YYYY-MM-DD'), 150.00, 'Efectivo');
INSERT INTO payments (plan_id, payment_date, amount, payment_method) VALUES (97, TO_DATE('2026-11-01', 'YYYY-MM-DD'), 150.00, 'Tarjeta de Crédito');
INSERT INTO payments (plan_id, payment_date, amount, payment_method) VALUES (98, TO_DATE('2026-11-15', 'YYYY-MM-DD'), 50.00, 'Transferencia');
INSERT INTO payments (plan_id, payment_date, amount, payment_method) VALUES (99, TO_DATE('2026-12-01', 'YYYY-MM-DD'), 40.00, 'Efectivo');
