-- Insertar 200 pacientes
INSERT INTO patients (first_name, last_name, birth_date, phone, address) VALUES
('Ana', 'García', '1985-03-15', '555-0001', 'Calle 1 #10-20'),
('Carlos', 'López', '1990-07-22', '555-0002', 'Carrera 5 #25-30'),
('María', 'Rodríguez', '1978-11-08', '555-0003', 'Avenida 10 #40-15'),
('José', 'Martínez', '1982-05-12', '555-0004', 'Calle 8 #30-25'),
('Laura', 'González', '1995-09-18', '555-0005', 'Carrera 12 #50-10'),
('Pedro', 'Hernández', '1987-01-25', '555-0006', 'Avenida 15 #20-35'),
('Sandra', 'Jiménez', '1992-12-03', '555-0007', 'Calle 20 #15-40'),
('Miguel', 'Torres', '1980-06-30', '555-0008', 'Carrera 25 #35-20'),
('Carmen', 'Flores', '1988-04-14', '555-0009', 'Avenida 30 #45-15'),
('Roberto', 'Morales', '1975-08-20', '555-0010', 'Calle 35 #25-30'),
('Lucía', 'Castro', '1993-02-28', '555-0011', 'Carrera 40 #10-25'),
('Fernando', 'Ruiz', '1984-10-05', '555-0012', 'Avenida 45 #30-40'),
('Patricia', 'Vargas', '1991-03-17', '555-0013', 'Calle 50 #20-15'),
('Antonio', 'Mendoza', '1979-07-12', '555-0014', 'Carrera 55 #40-35'),
('Elena', 'Peña', '1986-11-24', '555-0015', 'Avenida 60 #15-25'),
('Raúl', 'Ortega', '1994-01-08', '555-0016', 'Calle 65 #35-20'),
('Gloria', 'Ramos', '1983-09-21', '555-0017', 'Carrera 70 #25-40'),
('Jorge', 'Silva', '1989-05-16', '555-0018', 'Avenida 75 #45-30'),
('Mónica', 'Gutiérrez', '1977-12-10', '555-0019', 'Calle 80 #30-15'),
('Diego', 'Herrera', '1996-06-23', '555-0020', 'Carrera 85 #20-35'),
('Cristina', 'Medina', '1981-04-07', '555-0021', 'Avenida 90 #40-25'),
('Alejandro', 'Sandoval', '1990-08-19', '555-0022', 'Calle 95 #15-30'),
('Beatriz', 'Vega', '1985-02-14', '555-0023', 'Carrera 100 #35-40'),
('Francisco', 'Delgado', '1987-10-26', '555-0024', 'Avenida 105 #25-15'),
('Isabel', 'Romero', '1992-07-01', '555-0025', 'Calle 110 #45-35'),
('Javier', 'Aguilar', '1978-03-29', '555-0026', 'Carrera 115 #30-20'),
('Rosa', 'Cortés', '1994-11-15', '555-0027', 'Avenida 120 #20-40'),
('Sergio', 'Navarro', '1982-09-02', '555-0028', 'Calle 125 #40-25'),
('Adriana', 'Molina', '1988-01-18', '555-0029', 'Carrera 130 #15-30'),
('Guillermo', 'Espinoza', '1975-05-24', '555-0030', 'Avenida 135 #35-15'),
('Valeria', 'Campos', '1993-12-06', '555-0031', 'Calle 140 #25-35'),
('Ricardo', 'Lara', '1986-08-11', '555-0032', 'Carrera 145 #45-20'),
('Natalia', 'Guerrero', '1991-04-27', '555-0033', 'Avenida 150 #30-40'),
('Andrés', 'Cabrera', '1984-06-13', '555-0034', 'Calle 155 #20-25'),
('Silvia', 'Paredes', '1989-02-08', '555-0035', 'Carrera 160 #40-30'),
('Héctor', 'Rojas', '1980-10-22', '555-0036', 'Avenida 165 #15-35'),
('Teresa', 'Figueroa', '1995-07-17', '555-0037', 'Calle 170 #35-40'),
('Eduardo', 'Soto', '1983-03-04', '555-0038', 'Carrera 175 #25-15'),
('Pilar', 'Contreras', '1987-11-20', '555-0039', 'Avenida 180 #45-25'),
('Álvaro', 'Reyes', '1976-01-15', '555-0040', 'Calle 185 #30-35'),
('Marina', 'León', '1992-09-08', '555-0041', 'Carrera 190 #20-30'),
('Iván', 'Muñoz', '1988-05-31', '555-0042', 'Avenida 195 #40-20'),
('Claudia', 'Fuentes', '1985-12-17', '555-0043', 'Calle 200 #15-40'),
('Óscar', 'Carrillo', '1990-06-04', '555-0044', 'Carrera 205 #35-25'),
('Lorena', 'Ibáñez', '1979-02-21', '555-0045', 'Avenida 210 #25-30'),
('Ramón', 'Palacios', '1994-08-07', '555-0046', 'Calle 215 #45-15'),
('Alicia', 'Moreno', '1981-04-23', '555-0047', 'Carrera 220 #30-40'),
('Tomás', 'Vera', '1986-12-09', '555-0048', 'Avenida 225 #20-25'),
('Gabriela', 'Salas', '1993-10-14', '555-0049', 'Calle 230 #40-35'),
('Arturo', 'Prieto', '1977-06-28', '555-0050', 'Carrera 235 #15-20'),
('Marta', 'Acosta', '1991-01-12', '555-0051', 'Avenida 240 #35-30'),
('Pablo', 'Benítez', '1984-09-25', '555-0052', 'Calle 245 #25-40'),
('Victoria', 'Castillo', '1989-05-10', '555-0053', 'Carrera 250 #45-35'),
('Víctor', 'Peláez', '1982-03-16', '555-0054', 'Avenida 255 #30-15'),
('Carolina', 'Mendez', '1987-11-01', '555-0055', 'Calle 260 #20-30'),
('Rubén', 'Velasco', '1996-07-18', '555-0056', 'Carrera 265 #40-25'),
('Amparo', 'Cárdenas', '1978-01-03', '555-0057', 'Avenida 270 #15-35'),
('Emilio', 'Blanco', '1992-09-19', '555-0058', 'Calle 275 #35-20'),
('Nuria', 'Domínguez', '1985-05-05', '555-0059', 'Carrera 280 #25-40'),
('Gonzalo', 'Pascual', '1990-12-21', '555-0060', 'Avenida 285 #45-30'),
('Esperanza', 'Gil', '1983-08-14', '555-0061', 'Calle 290 #30-15'),
('Alfredo', 'Caballero', '1988-04-30', '555-0062', 'Carrera 295 #20-35'),
('Remedios', 'Moya', '1976-02-26', '555-0063', 'Avenida 300 #40-20'),
('Esteban', 'Rubio', '1994-10-11', '555-0064', 'Calle 305 #15-40'),
('Consuelo', 'Gallego', '1981-06-27', '555-0065', 'Carrera 310 #35-25'),
('Ignacio', 'Marín', '1986-01-13', '555-0066', 'Avenida 315 #25-30'),
('Dolores', 'Pastor', '1993-09-29', '555-0067', 'Calle 320 #45-35'),
('Enrique', 'Carmona', '1979-05-15', '555-0068', 'Carrera 325 #30-20'),
('Inmaculada', 'Serrano', '1991-03-02', '555-0069', 'Avenida 330 #20-40'),
('Julio', 'Vázquez', '1984-11-18', '555-0070', 'Calle 335 #40-15'),
('Mercedes', 'Martín', '1987-07-04', '555-0071', 'Carrera 340 #15-30'),
('Nicolás', 'Santana', '1995-01-20', '555-0072', 'Avenida 345 #35-25'),
('Rosario', 'Hidalgo', '1982-09-06', '555-0073', 'Calle 350 #25-40'),
('Samuel', 'Lorenzo', '1989-05-22', '555-0074', 'Carrera 355 #45-20'),
('Soledad', 'Morales', '1980-12-08', '555-0075', 'Avenida 360 #30-35'),
('Teodoro', 'Vidal', '1992-08-24', '555-0076', 'Calle 365 #20-30'),
('Úrsula', 'Roca', '1978-04-10', '555-0077', 'Carrera 370 #40-15'),
('Vicente', 'Calvo', '1985-02-25', '555-0078', 'Avenida 375 #15-35'),
('Ximena', 'Santos', '1990-10-12', '555-0079', 'Calle 380 #35-40'),
('Yolanda', 'Iglesias', '1983-06-28', '555-0080', 'Carrera 385 #25-20'),
('Zacarías', 'Ferrer', '1988-01-14', '555-0081', 'Avenida 390 #45-30'),
('Abel', 'Herrero', '1976-09-30', '555-0082', 'Calle 395 #30-25'),
('Adela', 'Suárez', '1993-05-16', '555-0083', 'Carrera 400 #20-35'),
('Bruno', 'Ortiz', '1981-03-03', '555-0084', 'Avenida 405 #40-40'),
('Carla', 'Vicente', '1987-11-19', '555-0085', 'Calle 410 #15-15'),
('Daniel', 'Esteban', '1994-07-05', '555-0086', 'Carrera 415 #35-30'),
('Eva', 'Román', '1986-01-21', '555-0087', 'Avenida 420 #25-25'),
('Fabián', 'Santiago', '1991-09-07', '555-0088', 'Calle 425 #45-40'),
('Gema', 'Garrido', '1979-05-23', '555-0089', 'Carrera 430 #30-35'),
('Hugo', 'Lozano', '1984-12-09', '555-0090', 'Avenida 435 #20-20'),
('Irene', 'Cano', '1989-08-26', '555-0091', 'Calle 440 #40-30'),
('Jaime', 'Nieto', '1977-04-12', '555-0092', 'Carrera 445 #15-25'),
('Karina', 'Guerrero', '1992-02-28', '555-0093', 'Avenida 450 #35-35'),
('Lorenzo', 'Pascual', '1985-10-14', '555-0094', 'Calle 455 #25-40'),
('Maite', 'Duran', '1990-06-01', '555-0095', 'Carrera 460 #45-15'),
('Néstor', 'Cabrera', '1983-03-17', '555-0096', 'Avenida 465 #30-30'),
('Olga', 'Moreno', '1988-11-03', '555-0097', 'Calle 470 #20-25'),
('Pablo', 'Vega', '1975-07-20', '555-0098', 'Carrera 475 #40-35'),
('Quique', 'Torres', '1993-01-06', '555-0099', 'Avenida 480 #15-40'),
('Rebeca', 'Flores', '1981-09-22', '555-0100', 'Calle 485 #35-20'),
('Sebastián', 'Castro', '1986-05-08', '555-0101', 'Carrera 490 #25-30'),
('Tamara', 'Ruiz', '1994-12-24', '555-0102', 'Avenida 495 #45-25'),
('Ulises', 'Vargas', '1982-08-10', '555-0103', 'Calle 500 #30-40'),
('Verónica', 'Mendoza', '1987-04-26', '555-0104', 'Carrera 505 #20-15'),
('Walter', 'Peña', '1991-02-13', '555-0105', 'Avenida 510 #40-30'),
('Xavier', 'Ortega', '1978-10-29', '555-0106', 'Calle 515 #15-35'),
('Yanet', 'Ramos', '1985-06-15', '555-0107', 'Carrera 520 #35-25'),
('Zoe', 'Silva', '1990-01-31', '555-0108', 'Avenida 525 #25-40'),
('Agustín', 'Gutiérrez', '1984-09-17', '555-0109', 'Calle 530 #45-30'),
('Belén', 'Herrera', '1989-05-03', '555-0110', 'Carrera 535 #30-15'),
('César', 'Medina', '1976-03-19', '555-0111', 'Avenida 540 #20-35'),
('Diana', 'Sandoval', '1992-11-05', '555-0112', 'Calle 545 #40-20'),
('Emilio', 'Vega', '1980-07-22', '555-0113', 'Carrera 550 #15-40'),
('Fátima', 'Delgado', '1987-01-08', '555-0114', 'Avenida 555 #35-25'),
('Germán', 'Romero', '1995-09-24', '555-0115', 'Calle 560 #25-30'),
('Hilda', 'Aguilar', '1983-05-10', '555-0116', 'Carrera 565 #45-35'),
('Ismael', 'Cortés', '1988-02-26', '555-0117', 'Avenida 570 #30-40'),
('Julia', 'Navarro', '1979-12-13', '555-0118', 'Calle 575 #20-15'),
('Kevin', 'Molina', '1991-08-29', '555-0119', 'Carrera 580 #40-30'),
('Lola', 'Espinoza', '1986-04-15', '555-0120', 'Avenida 585 #15-25'),
('Mario', 'Campos', '1994-02-01', '555-0121', 'Calle 590 #35-35'),
('Nora', 'Lara', '1981-10-18', '555-0122', 'Carrera 595 #25-40'),
('Omar', 'Guerrero', '1989-06-04', '555-0123', 'Avenida 600 #45-20'),
('Paloma', 'Cabrera', '1977-01-20', '555-0124', 'Calle 605 #30-30'),
('Quintín', 'Paredes', '1992-09-06', '555-0125', 'Carrera 610 #20-35'),
('Rita', 'Rojas', '1985-05-23', '555-0126', 'Avenida 615 #40-15'),
('Simón', 'Figueroa', '1990-03-09', '555-0127', 'Calle 620 #15-40'),
('Tania', 'Soto', '1984-11-25', '555-0128', 'Carrera 625 #35-25'),
('Ulrico', 'Contreras', '1988-07-12', '555-0129', 'Avenida 630 #25-30'),
('Vanesa', 'Reyes', '1975-01-28', '555-0130', 'Calle 635 #45-35'),
('Wilson', 'León', '1993-09-14', '555-0131', 'Carrera 640 #30-40'),
('Ximara', 'Muñoz', '1982-05-30', '555-0132', 'Avenida 645 #20-20'),
('Yago', 'Fuentes', '1987-03-17', '555-0133', 'Calle 650 #40-30'),
('Zulma', 'Carrillo', '1996-11-03', '555-0134', 'Carrera 655 #15-25'),
('Aurelio', 'Ibáñez', '1980-07-20', '555-0135', 'Avenida 660 #35-35'),
('Bárbara', 'Palacios', '1991-01-06', '555-0136', 'Calle 665 #25-40'),
('Camilo', 'Moreno', '1784-09-22', '555-0137', 'Carrera 670 #45-15'),
('Delia', 'Vera', '1989-05-08', '555-0138', 'Avenida 675 #30-30'),
('Evaristo', 'Salas', '1983-02-24', '555-0139', 'Calle 680 #20-25'),
('Flora', 'Prieto', '1988-10-11', '555-0140', 'Carrera 685 #40-35'),
('Gaspar', 'Acosta', '1976-06-27', '555-0141', 'Avenida 690 #15-40'),
('Hortensia', 'Benítez', '1994-04-13', '555-0142', 'Calle 695 #35-20'),
('Inocencio', 'Castillo', '1982-12-30', '555-0143', 'Carrera 700 #25-30'),
('Jacinta', 'Peláez', '1987-08-16', '555-0144', 'Avenida 705 #45-25'),
('Kleber', 'Mendez', '1995-04-02', '555-0145', 'Calle 710 #30-40'),
('Leonor', 'Velasco', '1981-02-18', '555-0146', 'Carrera 715 #20-35'),
('Maximiliano', 'Cárdenas', '1986-10-05', '555-0147', 'Avenida 720 #40-15'),
('Nicanor', 'Blanco', '1990-06-21', '555-0148', 'Calle 725 #15-30'),
('Obdulia', 'Domínguez', '1979-04-07', '555-0149', 'Carrera 730 #35-25'),
('Pancracio', 'Pascual', '1984-12-23', '555-0150', 'Avenida 735 #25-40'),
('Quiteria', 'Gil', '1992-08-09', '555-0151', 'Calle 740 #45-35'),
('Romualdo', 'Caballero', '1978-05-26', '555-0152', 'Carrera 745 #30-20'),
('Saturnina', 'Moya', '1985-03-12', '555-0153', 'Avenida 750 #20-30'),
('Telesforo', 'Rubio', '1991-11-28', '555-0154', 'Calle 755 #40-25'),
('Urbano', 'Gallego', '1983-07-15', '555-0155', 'Carrera 760 #15-35'),
('Visitación', 'Marín', '1988-01-01', '555-0156', 'Avenida 765 #35-40'),
('Wenceslao', 'Pastor', '1977-09-17', '555-0157', 'Calle 770 #25-15'),
('Xerez', 'Carmona', '1993-05-04', '555-0158', 'Carrera 775 #45-30'),
('Yolanda', 'Serrano', '1986-03-20', '555-0159', 'Avenida 780 #30-35'),
('Zoilo', 'Vázquez', '1994-11-06', '555-0160', 'Calle 785 #20-40'),
('Abundio', 'Martín', '1982-07-23', '555-0161', 'Carrera 790 #40-20'),
('Brígida', 'Santana', '1989-01-09', '555-0162', 'Avenida 795 #15-30'),
('Casimiro', 'Hidalgo', '1975-09-25', '555-0163', 'Calle 800 #35-25'),
('Delfina', 'Lorenzo', '1990-05-12', '555-0164', 'Carrera 805 #25-35'),
('Eustaquio', 'Morales', '1984-03-28', '555-0165', 'Avenida 810 #45-40'),
('Florencia', 'Vidal', '1987-11-14', '555-0166', 'Calle 815 #30-15'),
('Gaudencio', 'Roca', '1996-07-01', '555-0167', 'Carrera 820 #20-30'),
('Herminia', 'Calvo', '1981-01-17', '555-0168', 'Avenida 825 #40-25'),
('Isidro', 'Santos', '1988-09-03', '555-0169', 'Calle 830 #15-35'),
('Jacoba', 'Iglesias', '1979-05-20', '555-0170', 'Carrera 835 #35-40'),
('Leandro', 'Ferrer', '1992-02-05', '555-0171', 'Avenida 840 #25-20'),
('Modesto', 'Herrero', '1085-10-22', '555-0172', 'Calle 845 #45-30'),
('Nemesio', 'Suárez', '1986-06-08', '555-0173', 'Carrera 850 #30-25'),
('Otilia', 'Ortiz', '1991-04-24', '555-0174', 'Avenida 855 #20-35'),
('Plácido', 'Vicente', '1983-12-11', '555-0175', 'Calle 860 #40-40'),
('Querubín', 'Esteban', '1988-08-27', '555-0176', 'Carrera 865 #15-15'),
('Ruperto', 'Román', '1976-04-14', '555-0177', 'Avenida 870 #35-30'),
('Servando', 'Santiago', '1994-02-22', '555-0178', 'Calle 875 #25-25'),
('Tiburcio', 'Garrido', '1982-10-16', '555-0179', 'Carrera 880 #45-40'),
('Ubaldo', 'Lozano', '1987-06-02', '555-0180', 'Avenida 885 #30-35'),
('Venancia', 'Cano', '1995-01-19', '555-0181', 'Calle 890 #20-20'),
('Wilibaldo', 'Nieto', '1981-09-05', '555-0182', 'Carrera 895 #40-30'),
('Xenia', 'Guerrero', '1989-05-21', '555-0183', 'Avenida 900 #15-25'),
('Yesenia', 'Pascual', '1984-03-07', '555-0184', 'Calle 905 #35-35'),
('Zenón', 'Duran', '1990-11-23', '555-0185', 'Carrera 910 #25-40'),
('Apolinar', 'Cabrera', '1778-07-10', '555-0186', 'Avenida 915 #45-15'),
('Bonifacio', 'Moreno', '1993-01-26', '555-0187', 'Calle 920 #30-30'),
('Candelaria', 'Vega', '1985-09-12', '555-0188', 'Carrera 925 #20-25'),
('Desiderio', 'Torres', '1988-05-29', '555-0189', 'Avenida 930 #40-35'),
('Epifanio', 'Flores', '1980-03-15', '555-0190', 'Calle 935 #15-40'),
('Filomena', 'Castro', '1992-11-01', '555-0191', 'Carrera 940 #35-20'),
('Genaro', 'Ruiz', '1987-07-18', '555-0192', 'Avenida 945 #25-30'),
('Hipólito', 'Vargas', '1975-01-04', '555-0193', 'Calle 950 #45-25'),
('Imelda', 'Mendoza', '1991-09-20', '555-0194', 'Carrera 955 #30-40'),
('Jeremías', 'Peña', '1984-05-07', '555-0195', 'Avenida 960 #20-15'),
('Ladislao', 'Ortega', '1989-02-23', '555-0196', 'Calle 965 #40-30'),
('Macario', 'Ramos', '1982-10-09', '555-0197', 'Carrera 970 #15-35'),
('Nicomedes', 'Silva', '1986-06-26', '555-0198', 'Avenida 975 #35-25'),
('Olegario', 'Gutiérrez', '1994-04-12', '555-0199', 'Calle 980 #25-40'),
('Prudencio', 'Herrera', '1981-12-28', '555-0200', 'Carrera 985 #45-30');

-- Insertar 200 historiales dentales
INSERT INTO dental_histories (patient_id, anamnesis) VALUES
(1, 'Paciente con antecedentes de caries múltiples. Sensibilidad dental ocasional.'),
(2, 'Historial de ortodoncia en la adolescencia. Buena higiene oral actual.'),
(3, 'Periodontitis leve tratada anteriormente. Control regular necesario.'),
(4, 'Sin antecedentes relevantes. Primera consulta odontológica en años.'),
(5, 'Bruxismo nocturno. Usa protector bucal desde hace 2 años.'),
(6, 'Alergico a la penicilina. Antecedentes de abscesos dentales.'),
(7, 'Embarazada (segundo trimestre). Gingivitis del embarazo.'),
(8, 'Diabético tipo 2. Cicatrización lenta. Requiere profilaxis antibiótica.'),
(9, 'Fumadora social. Manchas por tabaco en dientes anteriores.'),
(10, 'Hipertensión arterial controlada con medicamentos. Sin contraindicaciones.'),
(11, 'Paciente joven con excelente higiene oral. Consulta de rutina.'),
(12, 'Antecedentes familiares de enfermedad periodontal. Profilaxis preventiva.'),
(13, 'Tratamiento de conducto previo en molar superior derecho.'),
(14, 'Paciente con ansiedad dental. Requiere sedación consciente.'),
(15, 'Ortodoncia interceptiva en la infancia. Seguimiento ortodóncico.'),
(16, 'Síndrome de boca seca por medicación. Fluorización tópica.'),
(17, 'Antecedentes de traumatismo dental en incisivo central.'),
(18, 'Paciente geriátrico con prótesis parcial superior.'),
(19, 'Halitosis crónica por enfermedad periodontal.'),
(20, 'Primera consulta. Sin antecedentes patológicos relevantes.'),
(21, 'Caries recurrente bajo restauraciones antiguas.'),
(22, 'Maloclusión clase II. Candidato para ortodoncia.'),
(23, 'Paciente con cardiopatía. Requiere profilaxis antibiótica.'),
(24, 'Fluorosis dental leve. Tratamiento estético indicado.'),
(25, 'Antecedentes de cirugía maxilofacial por quiste.'),
(26, 'Paciente con trastorno de la ATM. Férula de descarga.'),
(27, 'Hipoplasia del esmalte en molares permanentes.'),
(28, 'Gingivitis crónica por higiene deficiente.'),
(29, 'Paciente con implantes dentales. Control periimplantario.'),
(30, 'Sensibilidad dental generalizada post-blanqueamiento.'),
(31, 'Antecedentes de quimioterapia. Mucositis oral previa.'),
(32, 'Paciente con epilepsia. Hiperplasia gingival por fenitoína.'),
(33, 'Caries de biberón en dentición temporal.'),
(34, 'Paciente deportista con protector bucal personalizado.'),
(35, 'Antecedentes de bulimia. Erosión dental en palatino.'),
(36, 'Xerostomía por radioterapia en cabeza y cuello.'),
(37, 'Paciente con síndrome de Down. Enfermedad periodontal precoz.'),
(38, 'Antecedentes de labio y paladar hendido reparado.'),
(39, 'Paciente con trastorno bipolar. Xerostomía por medicación.'),
(40, 'Caries rampante en paciente con alto consumo de azúcar.'),
(41, 'Antecedentes de accidente cerebrovascular. Parálisis facial leve.'),
(42, 'Paciente con artritis reumatoide. Síndrome de Sjögren.'),
(43, 'Melanoma oral tratado. Seguimiento oncológico.'),
(44, 'Paciente con VIH. Candidiasis oral recurrente.'),
(45, 'Antecedentes de cirugía ortognática bimaxilar.'),
(46, 'Paciente con insuficiencia renal. Osteodistrofia renal.'),
(47, 'Caries cervicales múltiples por reflujo gastroesofágico.'),
(48, 'Paciente con trasplante de órgano. Inmunosupresión.'),
(49, 'Antecedentes de neuralgia del trigémino.'),
(50, 'Paciente con osteoporosis. Riesgo de osteonecrosis por bifosfonatos.'),
(51, 'Síndrome de burning mouth. Tratamiento sintomático.'),
(52, 'Paciente con marcapasos. Precauciones con electrocirugía.'),
(53, 'Antecedentes de leucoplasia oral. Seguimiento estricto.'),
(54, 'Paciente con hemofilia. Protocolo de coagulación.'),
(55, 'Caries interproximales múltiples. Dieta cariogénica.'),
(56, 'Paciente con enfermedad de Crohn. Aftas recurrentes.'),
(57, 'Antecedentes de fractura mandibular. Secuela de maloclusión.'),
(58, 'Paciente con síndrome de apnea del sueño.'),
(59, 'Gingivitis descamativa crónica. Estudio inmunológico pendiente.'),
(60, 'Paciente con diabetes gestacional. Control estricto.'),
(61, 'Antecedentes de radioterapia oral. Trismo residual.'),
(62, 'Paciente con enfermedad celíaca. Defectos del esmalte.'),
(63, 'Síndrome de boca seca por síndrome de Sjögren.'),
(64, 'Paciente con trastorno de ansiedad generalizada.'),
(65, 'Antecedentes de osteosarcoma mandibular tratado.'),
(66, 'Paciente con lupus eritematoso sistémico.'),
(67, 'Caries de superficie radicular en paciente geriátrico.'),
(68, 'Paciente con válvula cardíaca protésica.'),
(69, 'Antecedentes de liquen plano oral erosivo.'),
(70, 'Paciente con cirrosis hepática. Alteraciones hemostáticas.'),
(71, 'Síndrome de disfunción temporomandibular bilateral.'),
(72, 'Paciente con enfermedad de Parkinson. Dificultad motora.'),
(73, 'Antecedentes de carcinoma escamocelular oral.'),
(74, 'Paciente con esclerosis múltiple. Neuralgia atípica.'),
(75, 'Caries recurrente por síndrome de boca seca.'),
(76, 'Paciente con transplante de médula ósea.'),
(77, 'Antecedentes de osteomielitis mandibular crónica.'),
(78, 'Paciente con fibromialgia. Síndrome de boca ardiente.'),
(79, 'Gingivitis ulceronecrotizante aguda tratada.'),
(80, 'Paciente con enfermedad de Alzheimer inicial.'),
(81, 'Antecedentes de granuloma piógeno recurrente.'),
(82, 'Paciente con síndrome de Down. Periodontitis agresiva.'),
(83, 'Caries múltiples por síndrome de Sjögren.'),
(84, 'Paciente con enfermedad de Behçet. Úlceras aftosas.'),
(85, 'Antecedentes de ameloblastoma mandibular resecado.'),
(86, 'Paciente con artritis psoriásica. Xerostomía.'),
(87, 'Síndrome de Eagle. Proceso estiloideo elongado.'),
(88, 'Paciente con miastenia gravis. Fatiga muscular.'),
(89, 'Antecedentes de angina de Ludwig tratada.'),
(90, 'Paciente con polimialgia reumática.'),
(91, 'Caries rampante por xerostomía inducida por fármacos.'),
(92, 'Paciente con síndrome antifosfolípido.'),
(93, 'Antecedentes de mucocele del labio inferior.'),
(94, 'Paciente con enfermedad de Addison.'),
(95, 'Gingivitis hiperplásica por bloqueadores de calcio.'),
(96, 'Paciente con síndrome de Marfan. Alto riesgo cardiovascular.'),
(97, 'Antecedentes de tumor de glándulas salivales.'),
(98, 'Paciente con porfiria. Fotosensibilidad extrema.'),
(99, 'Síndrome de boca seca por antihistamínicos crónicos.'),
(100, 'Paciente con enfermedad de Wilson. Anillo de Kayser-Fleischer.'),
(101, 'Antecedentes de absceso cerebral odontógeno.'),
(102, 'Paciente con síndrome de Ehlers-Danlos.'),
(103, 'Caries cervicales por erosión ácida ocupacional.'),
(104, 'Paciente con acromegalia. Prognatismo mandibular.'),
(105, 'Antecedentes de osteonecrosis de maxilares.'),
(106, 'Paciente con síndrome de Cushing.'),
(107, 'Gingivitis medicamentosa por ciclosporina.'),
(108, 'Paciente con enfermedad de Huntington.'),
(109, 'Antecedentes de fibroma osificante central.'),
(110, 'Paciente con síndrome de Turner. Microretrognatia.'),
(111, 'Caries múltiples por síndrome de alcoholismo.'),
(112, 'Paciente con enfermedad de Graves. Osteoporosis.'),
(113, 'Antecedentes de quiste dentígero enucleado.'),
(114, 'Paciente con síndrome de Klinefelter.'),
(115, 'Síndrome de burning tongue por menopausia.'),
(116, 'Paciente con enfermedad de Paget ósea.'),
(117, 'Antecedentes de displasia fibrosa maxilar.'),
(118, 'Paciente con síndrome de Williams.'),
(119, 'Caries interproximales por diabetes mal controlada.'),
(120, 'Paciente con enfermedad de Gaucher.'),
(121, 'Antecedentes de tumor odontogénico adenomatoide.'),
(122, 'Paciente con síndrome de Prader-Willi.'),
(123, 'Gingivitis crónica por inmunodeficiencia primaria.'),
(124, 'Paciente con enfermedad de Fabry.'),
(125, 'Antecedentes de granuloma central de células gigantes.'),
(126, 'Paciente con síndrome de McCune-Albright.'),
(127, 'Caries rampante por síndrome de Plummer-Vinson.'),
(128, 'Paciente con enfermedad de Niemann-Pick.'),
(129, 'Antecedentes de mixoma odontogénico resecado.'),
(130, 'Paciente con síndrome de Gorlin-Goltz.'),
(131, 'Síndrome de disfunción craneomandibular crónica.'),
(132, 'Paciente con enfermedad de Tay-Sachs.'),
(133, 'Antecedentes de ameloblastoma uniquístico.'),
(134, 'Paciente con síndrome de Treacher Collins.'),
(135, 'Caries múltiples por síndrome de malabsorción.'),
(136, 'Paciente con enfermedad de Pompe.'),
(137, 'Antecedentes de tumor de Warthin parotídeo.'),
(138, 'Paciente con síndrome de Angelman.'),
(139, 'Gingivitis ulcerativa por neutropenia cíclica.'),
(140, 'Paciente con enfermedad de Krabbe.'),
(141, 'Antecedentes de quiste nasopalatino infectado.'),
(142, 'Paciente con síndrome de Rett.'),
(143, 'Caries cervicales por reflujo laringofaríngeo.'),
(144, 'Paciente con enfermedad de Alexander.'),
(145, 'Antecedentes de fibroma cemento-osificante.'),
(146, 'Paciente con síndrome de Rubinstein-Taybi.'),
(147, 'Síndrome de boca seca por radioterapia facial.'),
(148, 'Paciente con enfermedad de Canavan.'),
(149, 'Antecedentes de tumor neuroectodérmico primitivo.'),
(150, 'Paciente con síndrome de Smith-Magenis.'),
(151, 'Caries múltiples por síndrome de Fanconi.'),
(152, 'Paciente con enfermedad de Pelizaeus-Merzbacher.'),
(153, 'Antecedentes de hemangioma cavernoso oral.'),
(154, 'Paciente con síndrome de Wolf-Hirschhorn.'),
(155, 'Gingivitis crónica por déficit de adhesión leucocitaria.'),
(156, 'Paciente con enfermedad de Leigh.'),
(157, 'Antecedentes de linfangioma quístico cervical.'),
(158, 'Paciente con síndrome de Jacobsen.'),
(159, 'Caries interproximales por xerostomía idiopática.'),
(160, 'Paciente con enfermedad de Zellweger.'),
(161, 'Antecedentes de schwannoma del nervio facial.'),
(162, 'Paciente con síndrome de Beckwith-Wiedemann.'),
(163, 'Síndrome de Eagle con calcificación ligamento estilohioideo.'),
(164, 'Paciente con enfermedad de Refsum.'),
(165, 'Antecedentes de neurofibroma plexiforme facial.'),
(166, 'Paciente con síndrome de Sotos.'),
(167, 'Caries rampante por síndrome de Sjögren secundario.'),
(168, 'Paciente con enfermedad de Batten.'),
(169, 'Antecedentes de lipoma del suelo de boca.'),
(170, 'Paciente con síndrome de Charge.'),
(171, 'Gingivitis medicamentosa por antiepilépticos.'),
(172, 'Paciente con enfermedad de Sandhoff.'),
(173, 'Antecedentes de rabdomioma cardíaco con manifestaciones orales.'),
(174, 'Paciente con síndrome de Cornelia de Lange.'),
(175, 'Caries múltiples por hiposalivación neurogénica.'),
(176, 'Paciente con enfermedad de Metachromatic leukodystrophy.'),
(177, 'Antecedentes de hamartoma fibromatoso infantil.'),
(178, 'Paciente con síndrome de Velocardiofacial.'),
(179, 'Síndrome de boca ardiente post-menopáusico.'),
(180, 'Paciente con enfermedad de Hurler.'),
(181, 'Antecedentes de tumor glómico yugulotimpánico.'),
(182, 'Paciente con síndrome de Miller-Dieker.'),
(183, 'Caries cervicales por erosión química ocupacional.'),
(184, 'Paciente con enfermedad de Hunter.'),
(185, 'Antecedentes de paraganglioma carotídeo.'),
(186, 'Paciente con síndrome de Cri-du-chat.'),
(187, 'Gingivitis crónica por síndrome de hiper-IgE.'),
(188, 'Paciente con enfermedad de Sanfilippo.'),
(189, 'Antecedentes de tumor carcinoide del intestino medio.'),
(190, 'Paciente con síndrome de DiGeorge.'),
(191, 'Carias múltiples por síndrome de Bardet-Biedl.'),
(192, 'Paciente con enfermedad de Morquio.'),
(193, 'Antecedentes de feocromocitoma con crisis hipertensivas.'),
(194, 'Paciente con síndrome de Kabuki.'),
(195, 'Síndrome de disfunción temporomandibular post-traumática.'),
(196, 'Paciente con enfermedad de Maroteaux-Lamy.'),
(197, 'Antecedentes de insulinoma pancreático.'),
(198, 'Paciente con síndrome de Noonan.'),
(199, 'Caries interproximales por hipoplasia del esmalte hereditaria.'),
(200, 'Paciente con enfermedad de Sly. Manifestaciones craneofaciales.');

-- Insertar 200 dentistas
INSERT INTO dentists (first_name, last_name, specialty) VALUES
('Dr. Juan Carlos', 'Mendoza', 'Endodoncia'),
('Dra. María Elena', 'Rodríguez', 'Ortodoncia'),
('Dr. José Luis', 'García', 'Cirugía Oral'),
('Dra. Ana Patricia', 'López', 'Periodoncia'),
('Dr. Carlos Alberto', 'Martínez', 'Prostodoncia'),
('Dra. Laura Cristina', 'González', 'Odontopediatría'),
('Dr. Pedro Antonio', 'Hernández', 'Implantología'),
('Dra. Sandra Milena', 'Jiménez', 'Estética Dental'),
('Dr. Miguel Ángel', 'Torres', 'Radiología Oral'),
('Dra. Carmen Rosa', 'Flores', 'Patología Oral'),
('Dr. Roberto Carlos', 'Morales', 'Rehabilitación Oral'),
('Dra. Lucía Andrea', 'Castro', 'Odontología General'),
('Dr. Fernando José', 'Ruiz', 'Cirugía Maxilofacial'),
('Dra. Patricia Elena', 'Vargas', 'Ortodoncia'),
('Dr. Antonio Miguel', 'Mendoza', 'Endodoncia'),
('Dra. Elena Sofía', 'Peña', 'Periodoncia'),
('Dr. Raúl Eduardo', 'Ortega', 'Prostodoncia'),
('Dra. Gloria Isabel', 'Ramos', 'Odontopediatría'),
('Dr. Jorge Luis', 'Silva', 'Implantología'),
('Dra. Mónica Alejandra', 'Gutiérrez', 'Estética Dental'),
('Dr. Diego Fernando', 'Herrera', 'Radiología Oral'),
('Dra. Cristina Marcela', 'Medina', 'Patología Oral'),
('Dr. Alejandro José', 'Sandoval', 'Rehabilitación Oral'),
('Dra. Beatriz Elena', 'Vega', 'Odontología General'),
('Dr. Francisco Javier', 'Delgado', 'Cirugía Maxilofacial'),
('Dra. Isabel Cristina', 'Romero', 'Ortodoncia'),
('Dr. Javier Andrés', 'Aguilar', 'Endodoncia'),
('Dra. Rosa María', 'Cortés', 'Periodoncia'),
('Dr. Sergio Alejandro', 'Navarro', 'Prostodoncia'),
('Dra. Adriana Paola', 'Molina', 'Odontopediatría'),
('Dr. Guillermo César', 'Espinoza', 'Implantología'),
('Dra. Valeria Fernanda', 'Campos', 'Estética Dental'),
('Dr. Ricardo Enrique', 'Lara', 'Radiología Oral'),
('Dra. Natalia Andrea', 'Guerrero', 'Patología Oral'),
('Dr. Andrés Felipe', 'Cabrera', 'Rehabilitación Oral'),
('Dra. Silvia Patricia', 'Paredes', 'Odontología General'),
('Dr. Héctor Manuel', 'Rojas', 'Cirugía Maxilofacial'),
('Dra. Teresa Isabel', 'Figueroa', 'Ortodoncia'),
('Dr. Eduardo Ramón', 'Soto', 'Endodoncia'),
('Dra. Pilar Mercedes', 'Contreras', 'Periodoncia'),
('Dr. Álvaro Gustavo', 'Reyes', 'Prostodoncia'),
('Dra. Marina Soledad', 'León', 'Odontopediatría'),
('Dr. Iván Esteban', 'Muñoz', 'Implantología'),
('Dra. Claudia Beatriz', 'Fuentes', 'Estética Dental'),
('Dr. Óscar Hernán', 'Carrillo', 'Radiología Oral'),
('Dra. Lorena Marcela', 'Ibáñez', 'Patología Oral'),
('Dr. Ramón Augusto', 'Palacios', 'Rehabilitación Oral'),
('Dra. Alicia Elena', 'Moreno', 'Odontología General'),
('Dr. Tomás Alberto', 'Vera', 'Cirugía Maxilofacial'),
('Dra. Gabriela Inés', 'Salas', 'Ortodoncia'),
('Dr. Arturo Benito', 'Prieto', 'Endodoncia'),
('Dra. Marta Liliana', 'Acosta', 'Periodoncia'),
('Dr. Pablo Nicolás', 'Benítez', 'Prostodoncia'),
('Dra. Victoria Eugenia', 'Castillo', 'Odontopediatría'),
('Dr. Víctor Hugo', 'Peláez', 'Implantología'),
('Dra. Carolina Amparo', 'Mendez', 'Estética Dental'),
('Dr. Rubén Darío', 'Velasco', 'Radiología Oral'),
('Dra. Amparo Lucía', 'Cárdenas', 'Patología Oral'),
('Dr. Emilio Rafael', 'Blanco', 'Rehabilitación Oral'),
('Dra. Nuria Esperanza', 'Domínguez', 'Odontología General'),
('Dr. Gonzalo Patricio', 'Pascual', 'Cirugía Maxilofacial'),
('Dra. Esperanza Gloria', 'Gil', 'Ortodoncia'),
('Dr. Alfredo Ignacio', 'Caballero', 'Endodoncia'),
('Dra. Remedios Carmen', 'Moya', 'Periodoncia'),
('Dr. Esteban Aurelio', 'Rubio', 'Prostodoncia'),
('Dra. Consuelo Pilar', 'Gallego', 'Odontopediatría'),
('Dr. Ignacio Sebastián', 'Marín', 'Implantología'),
('Dra. Dolores Inmaculada', 'Pastor', 'Estética Dental'),
('Dr. Enrique Julio', 'Carmona', 'Radiología Oral'),
('Dra. Inmaculada Mercedes', 'Serrano', 'Patología Oral'),
('Dr. Julio Nicolás', 'Vázquez', 'Rehabilitación Oral'),
('Dra. Mercedes Rosario', 'Martín', 'Odontología General'),
('Dr. Nicolás Samuel', 'Santana', 'Cirugía Maxilofacial'),
('Dra. Rosario Soledad', 'Hidalgo', 'Ortodoncia'),
('Dr. Samuel Teodoro', 'Lorenzo', 'Endodoncia'),
('Dra. Soledad Úrsula', 'Morales', 'Periodoncia'),
('Dr. Teodoro Vicente', 'Vidal', 'Prostodoncia'),
('Dra. Úrsula Ximena', 'Roca', 'Odontopediatría'),
('Dr. Vicente Yolanda', 'Calvo', 'Implantología'),
('Dra. Ximena Zacarías', 'Santos', 'Estética Dental'),
('Dr. Yolanda Abel', 'Iglesias', 'Radiología Oral'),
('Dra. Zacarías Adela', 'Ferrer', 'Patología Oral'),
('Dr. Abel Bruno', 'Herrero', 'Rehabilitación Oral'),
('Dra. Adela Carla', 'Suárez', 'Odontología General'),
('Dr. Bruno Daniel', 'Ortiz', 'Cirugía Maxilofacial'),
('Dra. Carla Eva', 'Vicente', 'Ortodoncia'),
('Dr. Daniel Fabián', 'Esteban', 'Endodoncia'),
('Dra. Eva Gema', 'Román', 'Periodoncia'),
('Dr. Fabián Hugo', 'Santiago', 'Prostodoncia'),
('Dra. Gema Irene', 'Garrido', 'Odontopediatría'),
('Dr. Hugo Jaime', 'Lozano', 'Implantología'),
('Dra. Irene Karina', 'Cano', 'Estética Dental'),
('Dr. Jaime Lorenzo', 'Nieto', 'Radiología Oral'),
('Dra. Karina Maite', 'Guerrero', 'Patología Oral'),
('Dr. Lorenzo Néstor', 'Pascual', 'Rehabilitación Oral'),
('Dra. Maite Olga', 'Duran', 'Odontología General'),
('Dr. Néstor Pablo', 'Cabrera', 'Cirugía Maxilofacial'),
('Dra. Olga Quique', 'Moreno', 'Ortodoncia'),
('Dr. Pablo Rebeca', 'Vega', 'Endodoncia'),
('Dra. Quique Sebastián', 'Torres', 'Periodoncia'),
('Dr. Rebeca Tamara', 'Flores', 'Prostodoncia'),
('Dra. Sebastián Ulises', 'Castro', 'Odontopediatría'),
('Dr. Tamara Verónica', 'Ruiz', 'Implantología'),
('Dra. Ulises Walter', 'Vargas', 'Estética Dental'),
('Dr. Verónica Xavier', 'Mendoza', 'Radiología Oral'),
('Dra. Walter Yanet', 'Peña', 'Patología Oral'),
('Dr. Xavier Zoe', 'Ortega', 'Rehabilitación Oral'),
('Dra. Yanet Agustín', 'Ramos', 'Odontología General'),
('Dr. Zoe Belén', 'Silva', 'Cirugía Maxilofacial'),
('Dra. Agustín César', 'Gutiérrez', 'Ortodoncia'),
('Dr. Belén Diana', 'Herrera', 'Endodoncia'),
('Dra. César Emilio', 'Medina', 'Periodoncia'),
('Dr. Diana Fátima', 'Sandoval', 'Prostodoncia'),
('Dra. Emilio Germán', 'Vega', 'Odontopediatría'),
('Dr. Fátima Hilda', 'Delgado', 'Implantología'),
('Dra. Germán Ismael', 'Romero', 'Estética Dental'),
('Dr. Hilda Julia', 'Aguilar', 'Radiología Oral'),
('Dra. Ismael Kevin', 'Cortés', 'Patología Oral'),
('Dr. Julia Lola', 'Navarro', 'Rehabilitación Oral'),
('Dra. Kevin Mario', 'Molina', 'Odontología General'),
('Dr. Lola Nora', 'Espinoza', 'Cirugía Maxilofacial'),
('Dra. Mario Omar', 'Campos', 'Ortodoncia'),
('Dr. Nora Paloma', 'Lara', 'Endodoncia'),
('Dra. Omar Quintín', 'Guerrero', 'Periodoncia'),
('Dr. Paloma Rita', 'Cabrera', 'Prostodoncia'),
('Dra. Quintín Simón', 'Paredes', 'Odontopediatría'),
('Dr. Rita Tania', 'Rojas', 'Implantología'),
('Dra. Simón Ulrico', 'Figueroa', 'Estética Dental'),
('Dr. Tania Vanesa', 'Soto', 'Estética Dental'),
('Dra. Ulrico Wilson', 'Contreras', 'Radiología Oral'),
('Dr. Vanesa Ximara', 'Reyes', 'Patología Oral'),
('Dra. Wilson Yago', 'León', 'Rehabilitación Oral'),
('Dr. Ximara Zulma', 'Muñoz', 'Odontología General'),
('Dra. Yago Aurelio', 'Fuentes', 'Cirugía Maxilofacial'),
('Dr. Zulma Bárbara', 'Carrillo', 'Ortodoncia'),
('Dra. Aurelio Camilo', 'Ibáñez', 'Endodoncia'),
('Dr. Bárbara Delia', 'Palacios', 'Periodoncia'),
('Dra. Camilo Evaristo', 'Moreno', 'Prostodoncia'),
('Dr. Delia Flora', 'Vera', 'Odontopediatría'),
('Dra. Evaristo Gaspar', 'Salas', 'Implantología'),
('Dr. Flora Hortensia', 'Prieto', 'Estética Dental'),
('Dra. Gaspar Inocencio', 'Acosta', 'Radiología Oral'),
('Dr. Hortensia Jacinta', 'Benítez', 'Patología Oral'),
('Dra. Inocencio Kleber', 'Castillo', 'Rehabilitación Oral'),
('Dr. Jacinta Leonor', 'Peláez', 'Odontología General'),
('Dra. Kleber Maximiliano', 'Mendez', 'Cirugía Maxilofacial'),
('Dr. Leonor Nicanor', 'Velasco', 'Ortodoncia'),
('Dra. Maximiliano Obdulia', 'Cárdenas', 'Endodoncia'),
('Dr. Nicanor Pancracio', 'Blanco', 'Periodoncia'),
('Dra. Obdulia Quiteria', 'Domínguez', 'Prostodoncia'),
('Dr. Pancracio Romualdo', 'Pascual', 'Odontopediatría'),
('Dra. Quiteria Saturnina', 'Gil', 'Implantología'),
('Dr. Romualdo Telesforo', 'Caballero', 'Estética Dental'),
('Dra. Saturnina Urbano', 'Moya', 'Radiología Oral'),
('Dr. Telesforo Visitación', 'Rubio', 'Patología Oral'),
('Dra. Urbano Wenceslao', 'Gallego', 'Rehabilitación Oral'),
('Dr. Visitación Xerez', 'Marín', 'Odontología General'),
('Dra. Wenceslao Yolanda', 'Pastor', 'Cirugía Maxilofacial'),
('Dr. Xerez Zoilo', 'Carmona', 'Ortodoncia'),
('Dra. Yolanda Abundio', 'Serrano', 'Endodoncia'),
('Dr. Zoilo Brígida', 'Vázquez', 'Periodoncia'),
('Dra. Abundio Casimiro', 'Martín', 'Prostodoncia'),
('Dr. Brígida Delfina', 'Santana', 'Odontopediatría'),
('Dra. Casimiro Eustaquio', 'Hidalgo', 'Implantología'),
('Dr. Delfina Florencia', 'Lorenzo', 'Estética Dental'),
('Dra. Eustaquio Gaudencio', 'Morales', 'Radiología Oral'),
('Dr. Florencia Herminia', 'Vidal', 'Patología Oral'),
('Dra. Gaudencio Isidro', 'Roca', 'Rehabilitación Oral'),
('Dr. Herminia Jacoba', 'Calvo', 'Odontología General'),
('Dra. Isidro Leandro', 'Santos', 'Cirugía Maxilofacial'),
('Dr. Jacoba Modesto', 'Iglesias', 'Ortodoncia'),
('Dra. Leandro Nemesio', 'Ferrer', 'Endodoncia'),
('Dr. Modesto Otilia', 'Herrero', 'Periodoncia'),
('Dra. Nemesio Plácido', 'Suárez', 'Prostodoncia'),
('Dr. Otilia Querubín', 'Ortiz', 'Odontopediatría'),
('Dra. Plácido Ruperto', 'Vicente', 'Implantología'),
('Dr. Querubín Servando', 'Esteban', 'Estética Dental'),
('Dra. Ruperto Tiburcio', 'Román', 'Radiología Oral'),
('Dr. Servando Ubaldo', 'Santiago', 'Patología Oral'),
('Dra. Tiburcio Venancia', 'Garrido', 'Rehabilitación Oral'),
('Dr. Ubaldo Wilibaldo', 'Lozano', 'Odontología General'),
('Dra. Venancia Xenia', 'Cano', 'Cirugía Maxilofacial'),
('Dr. Wilibaldo Yesenia', 'Nieto', 'Ortodoncia'),
('Dra. Xenia Zenón', 'Guerrero', 'Endodoncia'),
('Dr. Yesenia Apolinar', 'Pascual', 'Periodoncia'),
('Dra. Zenón Bonifacio', 'Duran', 'Prostodoncia'),
('Dr. Apolinar Candelaria', 'Cabrera', 'Odontopediatría'),
('Dra. Bonifacio Desiderio', 'Moreno', 'Implantología'),
('Dr. Candelaria Epifanio', 'Vega', 'Estética Dental'),
('Dra. Desiderio Filomena', 'Torres', 'Radiología Oral'),
('Dr. Epifanio Genaro', 'Flores', 'Patología Oral'),
('Dra. Filomena Hipólito', 'Castro', 'Rehabilitación Oral'),
('Dr. Genaro Imelda', 'Ruiz', 'Odontología General'),
('Dra. Hipólito Jeremías', 'Vargas', 'Cirugía Maxilofacial'),
('Dr. Imelda Ladislao', 'Mendoza', 'Ortodoncia'),
('Dra. Jeremías Macario', 'Peña', 'Endodoncia'),
('Dr. Ladislao Nicomedes', 'Ortega', 'Periodoncia'),
('Dra. Macario Olegario', 'Ramos', 'Prostodoncia'),
('Dr. Nicomedes Prudencio', 'Silva', 'Odontopediatría'),
('Dra. Olegario Quintana', 'Gutiérrez', 'Implantología');

-- Insertar 200 citas
INSERT INTO appointments (patient_id, dentist_id, date_time, reason) VALUES
(1, 1, '2024-01-15 09:00:00', 'Consulta inicial endodoncia'),
(2, 2, '2024-01-15 10:30:00', 'Evaluación ortodóncica'),
(3, 3, '2024-01-15 14:00:00', 'Extracción molar'),
(4, 4, '2024-01-16 08:30:00', 'Limpieza periodontal'),
(5, 5, '2024-01-16 11:00:00', 'Impresión para prótesis'),
(6, 6, '2024-01-16 15:30:00', 'Control odontopediátrico'),
(7, 7, '2024-01-17 09:15:00', 'Colocación implante'),
(8, 8, '2024-01-17 13:45:00', 'Blanqueamiento dental'),
(9, 9, '2024-01-18 10:00:00', 'Radiografía panorámica'),
(10, 10, '2024-01-18 16:00:00', 'Biopsia lesión oral'),
(11, 11, '2024-01-19 08:00:00', 'Rehabilitación completa'),
(12, 12, '2024-01-19 11:30:00', 'Control general'),
(13, 13, '2024-01-22 14:30:00', 'Cirugía maxilofacial'),
(14, 14, '2024-01-22 09:45:00', 'Ajuste brackets'),
(15, 15, '2024-01-23 15:00:00', 'Tratamiento conducto'),
(16, 16, '2024-01-23 10:15:00', 'Curetaje periodontal'),
(17, 17, '2024-01-24 12:00:00', 'Mantenimiento implante'),
(18, 18, '2024-01-24 16:30:00', 'Carillas estéticas'),
(19, 19, '2024-01-25 08:45:00', 'TAC dental'),
(20, 20, '2024-01-25 14:15:00', 'Estudio histopatológico'),
(21, 21, '2024-01-26 11:00:00', 'Prótesis total'),
(22, 22, '2024-01-26 13:30:00', 'Fluorización'),
(23, 23, '2024-01-29 09:30:00', 'Injerto óseo'),
(24, 24, '2024-01-29 15:45:00', 'Retiro brackets'),
(25, 25, '2024-01-30 10:30:00', 'Apexificación'),
(26, 26, '2024-01-30 12:45:00', 'Cirugía periodontal'),
(27, 27, '2024-01-31 14:00:00', 'Prótesis sobre implantes'),
(28, 28, '2024-01-31 16:15:00', 'Microabrasión'),
(29, 29, '2024-02-01 08:30:00', 'Cefalometría'),
(30, 30, '2024-02-01 11:15:00', 'Citología oral'),
(31, 31, '2024-02-02 13:00:00', 'Corona cerámica'),
(32, 32, '2024-02-02 15:30:00', 'Profilaxis'),
(33, 33, '2024-02-05 09:00:00', 'Frenectomía'),
(34, 34, '2024-02-05 10:45:00', 'Expansión maxilar'),
(35, 35, '2024-02-06 12:15:00', 'Pulpotomía'),
(36, 36, '2024-02-06 14:30:00', 'Raspado radicular'),
(37, 37, '2024-02-07 16:00:00', 'Carga inmediata'),
(38, 38, '2024-02-07 08:15:00', 'Resina estética'),
(39, 39, '2024-02-08 10:00:00', 'Ortopantomografía'),
(40, 40, '2024-02-08 13:45:00', 'Inmunohistoquímica'),
(41, 41, '2024-02-09 11:30:00', 'Puente fijo'),
(42, 42, '2024-02-09 15:00:00', 'Selladores'),
(43, 43, '2024-02-12 09:15:00', 'Elevación seno maxilar'),
(44, 44, '2024-02-12 14:45:00', 'Contención ortodóncica'),
(45, 45, '2024-02-13 10:30:00', 'Recubrimiento pulpar'),
(46, 46, '2024-02-13 12:00:00', 'Injerto gingival'),
(47, 47, '2024-02-14 16:30:00', 'Ataches locator'),
(48, 48, '2024-02-14 08:00:00', 'Facetas laminadas'),
(49, 49, '2024-02-15 11:45:00', 'Tomografía computarizada'),
(50, 50, '2024-02-15 13:15:00', 'Marcadores tumorales'),
(51, 51, '2024-02-16 14:30:00', 'Incrustación cerámica'),
(52, 52, '2024-02-16 16:00:00', 'Aplicación flúor'),
(53, 53, '2024-02-19 08:45:00', 'Distracción osteogénica'),
(54, 54, '2024-02-19 10:15:00', 'Disyunción maxilar'),
(55, 55, '2024-02-20 12:30:00', 'Apicoectomía'),
(56, 56, '2024-02-20 15:45:00', 'Colgajo periodontal'),
(57, 57, '2024-02-21 09:30:00', 'All-on-4'),
(58, 58, '2024-02-21 11:00:00', 'Composite directo'),
(59, 59, '2024-02-22 13:30:00', 'Resonancia magnética'),
(60, 60, '2024-02-22 16:15:00', 'PCR viral'),
(61, 61, '2024-02-23 08:30:00', 'Prótesis híbrida'),
(62, 62, '2024-02-23 10:45:00', 'Barniz fluorado'),
(63, 63, '2024-02-26 14:00:00', 'Osteotomía sagital'),
(64, 64, '2024-02-26 15:30:00', 'Aparato funcional'),
(65, 65, '2024-02-27 09:00:00', 'Hemisección'),
(66, 66, '2024-02-27 11:15:00', 'Regeneración tisular'),
(67, 67, '2024-02-28 12:45:00', 'Implante zigomático'),
(68, 68, '2024-02-28 16:30:00', 'Infiltración resina'),
(69, 69, '2024-02-29 08:15:00', 'Gammagrafía ósea'),
(70, 70, '2024-02-29 10:00:00', 'Cultivo bacteriano'),
(71, 71, '2024-03-01 13:15:00', 'Sobredentadura'),
(72, 72, '2024-03-01 15:00:00', 'Cepillado supervisado'),
(73, 73, '2024-03-04 09:45:00', 'Mentoplastia'),
(74, 74, '2024-03-04 11:30:00', 'Lip bumper'),
(75, 75, '2024-03-05 14:15:00', 'Obturación retrógrada'),
(76, 76, '2024-03-05 16:00:00', 'Plasma rico plaquetas'),
(77, 77, '2024-03-06 08:00:00', 'Mini implantes'),
(78, 78, '2024-03-06 10:30:00', 'Microabrasión química'),
(79, 79, '2024-03-07 12:00:00', 'Artroscopia ATM'),
(80, 80, '2024-03-07 14:45:00', 'Antibiograma'),
(81, 81, '2024-03-08 11:15:00', 'Telescópica'),
(82, 82, '2024-03-08 13:30:00', 'Educación higiene'),
(83, 83, '2024-03-11 15:45:00', 'Le Fort I'),
(84, 84, '2024-03-11 08:30:00', 'Quad helix'),
(85, 85, '2024-03-12 10:15:00', 'MTA apical'),
(86, 86, '2024-03-12 12:30:00', 'Membrana reabsorbible'),
(87, 87, '2024-03-13 16:15:00', 'Implante pterigoides'),
(88, 88, '2024-03-13 09:00:00', 'Stratificación composite'),
(89, 89, '2024-03-14 11:30:00', 'PET-CT'),
(90, 90, '2024-03-14 14:00:00', 'Genotipado bacteriano'),
(91, 91, '2024-03-15 15:30:00', 'Bar-clip'),
(92, 92, '2024-03-15 17:00:00', 'Remineralización'),
(93, 93, '2024-03-18 08:45:00', 'Sagital split'),
(94, 94, '2024-03-18 10:00:00', 'Pendulum'),
(95, 95, '2024-03-19 12:15:00', 'Revascularización pulpar'),
(96, 96, '2024-03-19 14:30:00', 'Factor crecimiento'),
(97, 97, '2024-03-20 16:45:00', 'Implante basal'),
(98, 98, '2024-03-20 08:15:00', 'Icon infiltrante'),
(99, 99, '2024-03-21 10:45:00', 'Artrocentesis'),
(100, 100, '2024-03-21 13:00:00', 'Secuenciación genética'),
(101, 1, '2024-03-22 15:15:00', 'Control endodoncia'),
(102, 2, '2024-03-22 16:30:00', 'Seguimiento ortodoncia'),
(103, 3, '2024-03-25 09:30:00', 'Post-operatorio'),
(104, 4, '2024-03-25 11:00:00', 'Mantenimiento periodontal'),
(105, 5, '2024-03-26 13:45:00', 'Ajuste prótesis'),
(106, 6, '2024-03-26 15:00:00', 'Fluorización infantil'),
(107, 7, '2024-03-27 08:30:00', 'Control implante'),
(108, 8, '2024-03-27 10:15:00', 'Retoque estético'),
(109, 9, '2024-03-28 12:30:00', 'Control radiográfico'),
(110, 10, '2024-03-28 14:15:00', 'Resultado biopsia'),
(111, 11, '2024-03-29 16:00:00', 'Seguimiento rehabilitación'),
(112, 12, '2024-03-29 17:15:00', 'Consulta general'),
(113, 13, '2024-04-01 09:00:00', 'Control post-quirúrgico'),
(114, 14, '2024-04-01 10:45:00', 'Cambio arcos'),
(115, 15, '2024-04-02 12:00:00', 'Seguimiento endodoncia'),
(116, 16, '2024-04-02 13:30:00', 'Evaluación periodontal'),
(117, 17, '2024-04-03 15:45:00', 'Carga protésica'),
(118, 18, '2024-04-03 08:00:00', 'Pulido carillas'),
(119, 19, '2024-04-04 10:30:00', 'Interpretación imágenes'),
(120, 20, '2024-04-04 12:15:00', 'Informe patológico'),
(121, 21, '2024-04-05 14:30:00', 'Ajuste prótesis total'),
(122, 22, '2024-04-05 16:00:00', 'Revisión general'),
(123, 23, '2024-04-08 08:45:00', 'Control injerto'),
(124, 24, '2024-04-08 10:00:00', 'Retención ortodóncica'),
(125, 25, '2024-04-09 11:45:00', 'Control apexificación'),
(126, 26, '2024-04-09 13:15:00', 'Sutura periodontal'),
(127, 27, '2024-04-10 15:30:00', 'Activación prótesis'),
(128, 28, '2024-04-10 08:30:00', 'Evaluación estética'),
(129, 29, '2024-04-11 10:15:00', 'Análisis cefalométrico'),
(130, 30, '2024-04-11 12:45:00', 'Resultado citología'),
(131, 31, '2024-04-12 14:00:00', 'Cementado corona'),
(132, 32, '2024-04-12 15:45:00', 'Profilaxis trimestral'),
(133, 33, '2024-04-15 09:15:00', 'Control frenectomía'),
(134, 34, '2024-04-15 11:00:00', 'Activación expansor'),
(135, 35, '2024-04-16 13:30:00', 'Control pulpotomía'),
(136, 36, '2024-04-16 15:00:00', 'Evaluación raspado'),
(137, 37, '2024-04-17 16:30:00', 'Control carga'),
(138, 38, '2024-04-17 08:15:00', 'Pulido resina'),
(139, 39, '2024-04-18 10:00:00', 'Radiografía control'),
(140, 40, '2024-04-18 12:30:00', 'Informe final'),
(141, 41, '2024-04-19 14:45:00', 'Ajuste puente'),
(142, 42, '2024-04-19 16:15:00', 'Control selladores'),
(143, 43, '2024-04-22 08:00:00', 'Post elevación seno'),
(144, 44, '2024-04-22 09:30:00', 'Cambio contención'),
(145, 45, '2024-04-23 11:15:00', 'Control recubrimiento'),
(146, 46, '2024-04-23 13:00:00', 'Cicatrización injerto'),
(147, 47, '2024-04-24 15:15:00', 'Activación locator'),
(148, 48, '2024-04-24 08:45:00', 'Control facetas'),
(149, 49, '2024-04-25 10:30:00', 'Interpretación TC'),
(150, 50, '2024-04-25 12:00:00', 'Resultado marcadores'),
(151, 51, '2024-04-26 14:15:00', 'Cementado incrustación'),
(152, 52, '2024-04-26 15:45:00', 'Aplicación flúor'),
(153, 53, '2024-04-29 09:00:00', 'Control distracción'),
(154, 54, '2024-04-29 10:45:00', 'Seguimiento disyunción'),
(155, 55, '2024-04-30 12:30:00', 'Post apicoectomía'),
(156, 56, '2024-04-30 14:00:00', 'Control colgajo'),
(157, 57, '2024-05-01 16:00:00', 'Mantenimiento All-on-4'),
(158, 58, '2024-05-01 08:30:00', 'Pulido composite'),
(159, 59, '2024-05-02 10:15:00', 'Interpretación RM'),
(160, 60, '2024-05-02 12:45:00', 'Resultado PCR'),
(161, 61, '2024-05-03 14:30:00', 'Ajuste híbrida'),
(162, 62, '2024-05-03 16:15:00', 'Reaplicación barniz'),
(163, 63, '2024-05-06 08:15:00', 'Post osteotomía'),
(164, 64, '2024-05-06 09:45:00', 'Ajuste funcional'),
(165, 65, '2024-05-07 11:30:00', 'Control hemisección'),
(166, 66, '2024-05-07 13:15:00', 'Seguimiento regeneración'),
(167, 67, '2024-05-08 15:00:00', 'Control zigomático'),
(168, 68, '2024-05-08 08:00:00', 'Control infiltración'),
(169, 69, '2024-05-09 10:30:00', 'Resultado gammagrafía'),
(170, 70, '2024-05-09 12:15:00', 'Resultado cultivo'),
(171, 71, '2024-05-10 14:00:00', 'Ajuste sobredentadura'),
(172, 72, '2024-05-10 15:30:00', 'Refuerzo higiene'),
(173, 73, '2024-05-13 09:30:00', 'Post mentoplastia'),
(174, 74, '2024-05-13 11:00:00', 'Control lip bumper'),
(175, 75, '2024-05-14 13:15:00', 'Control obturación'),
(176, 76, '2024-05-14 14:45:00', 'Aplicación PRP'),
(177, 77, '2024-05-15 16:30:00', 'Control mini implantes'),
(178, 78, '2024-05-15 08:15:00', 'Post microabrasión'),
(179, 79, '2024-05-16 10:00:00', 'Control artroscopia'),
(180, 80, '2024-05-16 11:45:00', 'Resultado antibiograma'),
(181, 81, '2024-05-17 13:30:00', 'Ajuste telescópica'),
(182, 82, '2024-05-17 15:00:00', 'Refuerzo educación'),
(183, 83, '2024-05-20 08:45:00', 'Post Le Fort'),
(184, 84, '2024-05-20 10:15:00', 'Activación quad helix'),
(185, 85, '2024-05-21 12:00:00', 'Control MTA'),
(186, 86, '2024-05-21 13:45:00', 'Seguimiento membrana'),
(187, 87, '2024-05-22 15:30:00', 'Control pterigoides'),
(188, 88, '2024-05-22 08:30:00', 'Pulido estratificación'),
(189, 89, '2024-05-23 10:45:00', 'Resultado PET-CT'),
(190, 90, '2024-05-23 12:30:00', 'Informe genotipado'),
(191, 91, '2024-05-24 14:15:00', 'Activación bar-clip'),
(192, 92, '2024-05-24 16:00:00', 'Control remineralización'),
(193, 93, '2024-05-27 09:00:00', 'Post sagital split'),
(194, 94, '2024-05-27 10:30:00', 'Activación pendulum'),
(195, 95, '2024-05-28 12:15:00', 'Control revascularización'),
(196, 96, '2024-05-28 14:00:00', 'Aplicación factor'),
(197, 97, '2024-05-29 15:45:00', 'Control basal'),
(198, 98, '2024-05-29 08:00:00', 'Post Icon'),
(199, 99, '2024-05-30 10:15:00', 'Control artrocentesis'),
(200, 100, '2024-05-30 11:30:00', 'Resultado secuenciación');

-- Insertar 200 dientes
INSERT INTO teeth (tooth_number, description) VALUES
-- Dentición permanente (superior e inferior, derecha e izquierda)
('11', 'Incisivo central superior derecho'),
('12', 'Incisivo lateral superior derecho'),
('13', 'Canino superior derecho'),
('14', 'Primer premolar superior derecho'),
('15', 'Segundo premolar superior derecho'),
('16', 'Primer molar superior derecho'),
('17', 'Segundo molar superior derecho'),
('18', 'Tercer molar superior derecho'),
('21', 'Incisivo central superior izquierdo'),
('22', 'Incisivo lateral superior izquierdo'),
('23', 'Canino superior izquierdo'),
('24', 'Primer premolar superior izquierdo'),
('25', 'Segundo premolar superior izquierdo'),
('26', 'Primer molar superior izquierdo'),
('27', 'Segundo molar superior izquierdo'),
('28', 'Tercer molar superior izquierdo'),
('31', 'Incisivo central inferior izquierdo'),
('32', 'Incisivo lateral inferior izquierdo'),
('33', 'Canino inferior izquierdo'),
('34', 'Primer premolar inferior izquierdo'),
('35', 'Segundo premolar inferior izquierdo'),
('36', 'Primer molar inferior izquierdo'),
('37', 'Segundo molar inferior izquierdo'),
('38', 'Tercer molar inferior izquierdo'),
('41', 'Incisivo central inferior derecho'),
('42', 'Incisivo lateral inferior derecho'),
('43', 'Canino inferior derecho'),
('44', 'Primer premolar inferior derecho'),
('45', 'Segundo premolar inferior derecho'),
('46', 'Primer molar inferior derecho'),
('47', 'Segundo molar inferior derecho'),
('48', 'Tercer molar inferior derecho'),
('51', 'Incisivo central superior derecho temporal'),
('52', 'Incisivo lateral superior derecho temporal'),
('53', 'Canino superior derecho temporal'),
('54', 'Primer molar superior derecho temporal'),
('55', 'Segundo molar superior derecho temporal'),
('61', 'Incisivo central superior izquierdo temporal'),
('62', 'Incisivo lateral superior izquierdo temporal'),
('63', 'Canino superior izquierdo temporal'),
('64', 'Primer molar superior izquierdo temporal'),
('65', 'Segundo molar superior izquierdo temporal'),
('71', 'Incisivo central inferior izquierdo temporal'),
('72', 'Incisivo lateral inferior izquierdo temporal'),
('73', 'Canino inferior izquierdo temporal'),
('74', 'Primer molar inferior izquierdo temporal'),
('75', 'Segundo molar inferior izquierdo temporal'),
('81', 'Incisivo central inferior derecho temporal'),
('82', 'Incisivo lateral inferior derecho temporal'),
('83', 'Canino inferior derecho temporal'),
('84', 'Primer molar inferior derecho temporal'),
('85', 'Segundo molar inferior derecho temporal'),
('S1', 'Supernumerario mesiodens'),
('S2', 'Supernumerario lateral superior'),
('S3', 'Supernumerario paramolar'),
('S4', 'Supernumerario distomolar'),
('S5', 'Supernumerario palatino'),
('S6', 'Supernumerario incisivo inferior'),
('S7', 'Supernumerario canino superior'),
('S8', 'Supernumerario canino inferior'),
('S9', 'Supernumerario premolar superior'),
('S10', 'Supernumerario premolar inferior'),
('S11', 'Supernumerario molar superior'),
('S12', 'Supernumerario molar inferior'),
('S13', 'Supernumerario bilateral'),
('S14', 'Supernumerario múltiple superior'),
('S15', 'Supernumerario múltiple inferior'),
('S16', 'Supernumerario en línea media inferior'),
('S17', 'Supernumerario parapremolar'),
('S18', 'Supernumerario distoincisivo'),
('S19', 'Supernumerario peridens'),
('S20', 'Supernumerario suplementario'),
('D1', 'Diente impactado 18'),
('D2', 'Diente impactado 28'),
('D3', 'Diente impactado 38'),
('D4', 'Diente impactado 48'),
('D5', 'Diente ectópico canino'),
('D6', 'Diente en transposición'),
('D7', 'Diente anquilosado'),
('D8', 'Diente con dilaceración'),
('D9', 'Diente con taurodontismo'),
('D10', 'Diente con geminación'),
('D11', 'Diente fusionado'),
('D12', 'Diente con hipoplasia'),
('D13', 'Diente con hipocalcificación'),
('D14', 'Diente retenido'),
('D15', 'Diente con macrodoncia'),
('D16', 'Diente con microdoncia'),
('D17', 'Diente con dens evaginatus'),
('D18', 'Diente con dens invaginatus'),
('D19', 'Diente ectópico premolar'),
('D20', 'Diente ectópico molar'),
('D21', 'Diente desplazado hacia palatino'),
('D22', 'Diente desplazado hacia lingual'),
('D23', 'Diente desplazado hacia vestibular'),
('D24', 'Diente desplazado hacia mesial'),
('D25', 'Diente desplazado hacia distal'),
('D26', 'Diente con raíz curva'),
('D27', 'Diente con rizomicrodoncia'),
('D28', 'Diente con rizomegadoncia'),
('D29', 'Diente retenido múltiple'),
('D30', 'Diente con alteración estructural'),
('V1', 'Variante anatómica raíz extra 16'),
('V2', 'Variante anatómica raíz extra 26'),
('V3', 'Variante anatómica raíz extra 36'),
('V4', 'Variante anatómica raíz extra 46'),
('V5', 'Variante anatómica conducto C'),
('V6', 'Variante anatómica dens in dente'),
('V7', 'Variante anatómica perla del esmalte'),
('V8', 'Variante anatómica surco palatogingival'),
('V9', 'Variante anatómica tubérculo de Carabelli'),
('V10', 'Variante anatómica cúspide adicional'),
('V11', 'Variante anatómica cúspide paramolar'),
('V12', 'Variante anatómica cúspide en garra'),
('V13', 'Variante anatómica cúspide en talón'),
('V14', 'Variante anatómica cúspide lingual'),
('V15', 'Variante anatómica cúspide vestibular'),
('V16', 'Variante anatómica raíz fusionada'),
('V17', 'Variante anatómica raíz bífida'),
('V18', 'Variante anatómica raíz trifurcada'),
('V19', 'Variante anatómica raíz hipercurvada'),
('V20', 'Variante anatómica conducto accesorio'),
('V21', 'Variante anatómica conducto lateral'),
('V22', 'Variante anatómica conducto múltiple'),
('V23', 'Variante anatómica cámara pulpar amplia'),
('V24', 'Variante anatómica cámara pulpar reducida'),
('V25', 'Variante anatómica esmalte hipoplásico'),
('V26', 'Variante anatómica esmalte rugoso'),
('V27', 'Variante anatómica esmalte periquematías marcadas'),
('V28', 'Variante anatómica esmalte translúcido'),
('V29', 'Variante anatómica esmalte opaco'),
('V30', 'Variante anatómica cúspide palatina extra'),
('A1', 'Ausencia congénita incisivo lateral superior derecho'),
('A2', 'Ausencia congénita incisivo lateral superior izquierdo'),
('A3', 'Ausencia congénita segundo premolar superior derecho'),
('A4', 'Ausencia congénita segundo premolar superior izquierdo'),
('A5', 'Ausencia congénita segundo premolar inferior derecho'),
('A6', 'Ausencia congénita segundo premolar inferior izquierdo'),
('A7', 'Ausencia congénita tercer molar superior derecho'),
('A8', 'Ausencia congénita tercer molar superior izquierdo'),
('A9', 'Ausencia congénita tercer molar inferior derecho'),
('A10', 'Ausencia congénita tercer molar inferior izquierdo'),
('R1', 'Diente restaurado con amalgama'),
('R2', 'Diente restaurado con resina'),
('R3', 'Diente restaurado con incrustación metálica'),
('R4', 'Diente restaurado con incrustación cerámica'),
('R5', 'Diente restaurado con corona total metálica'),
('R6', 'Diente restaurado con corona total cerámica'),
('R7', 'Diente restaurado con perno colado'),
('R8', 'Diente restaurado con perno prefabricado'),
('R9', 'Diente restaurado con reconstrucción estética'),
('R10', 'Diente restaurado con sellante de fosas y fisuras'),
('P1', 'Prótesis fija en incisivo central superior derecho'),
('P2', 'Prótesis fija en incisivo lateral superior derecho'),
('P3', 'Prótesis fija en canino superior derecho'),
('P4', 'Prótesis fija en primer premolar superior derecho'),
('P5', 'Prótesis fija en segundo premolar superior derecho'),
('P6', 'Prótesis fija en primer molar superior derecho'),
('P7', 'Prótesis fija en segundo molar superior derecho'),
('P8', 'Prótesis fija en tercer molar superior derecho'),
('P9', 'Prótesis fija en incisivo central superior izquierdo'),
('P10', 'Prótesis fija en incisivo lateral superior izquierdo'),
('P11', 'Prótesis removible en arcada superior'),
('P12', 'Prótesis removible en arcada inferior'),
('P13', 'Prótesis total superior'),
('P14', 'Prótesis total inferior'),
('P15', 'Implante unitario en premolar superior derecho'),
('E1', 'Diente tratado endodónticamente 11'),
('E2', 'Diente tratado endodónticamente 12'),
('E3', 'Diente tratado endodónticamente 21'),
('E4', 'Diente tratado endodónticamente 22'),
('E5', 'Diente tratado endodónticamente 36'),
('E6', 'Diente tratado endodónticamente 46'),
('E7', 'Diente tratado endodónticamente 16'),
('E8', 'Diente tratado endodónticamente 26'),
('E9', 'Diente tratado endodónticamente 31'),
('E10', 'Diente tratado endodónticamente 41'),
('C1', 'Diente con caries incipiente en 16'),
('C2', 'Diente con caries incipiente en 26'),
('C3', 'Diente con caries moderada en 36'),
('C4', 'Diente con caries moderada en 46'),
('C5', 'Diente con caries profunda en 11'),
('C6', 'Diente con caries profunda en 21'),
('C7', 'Diente con caries radicular en 31'),
('C8', 'Diente con caries radicular en 41'),
('C9', 'Diente con caries generalizada en arcada superior'),
('C10', 'Diente con caries generalizada en arcada inferior'),
('M1', 'Diente con movilidad grado I'),
('M2', 'Diente con movilidad grado II'),
('M3', 'Diente con movilidad grado III'),
('M4', 'Diente con movilidad por pérdida ósea'),
('M5', 'Diente con movilidad post-trauma'),
('F1', 'Diente fracturado esmalte'),
('F2', 'Diente fracturado esmalte-dentina'),
('F3', 'Diente fracturado esmalte-dentina-pulpa'),
('F4', 'Diente con fractura radicular'),
('F5', 'Diente con fractura coronaria'),
('F6', 'Diente con fractura horizontal'),
('F7', 'Diente con fractura vertical'),
('F8', 'Diente con fractura múltiple'),
('F9', 'Diente con fractura coronoradicular'),
('F10', 'Diente fracturado restaurado');


-- Insertar 200 tratamientos
INSERT INTO treatments (name, description, cost) VALUES
('Endodoncia unirradicular', 'Tratamiento de conducto en diente de una raíz', 350000),
('Endodoncia birradicular', 'Tratamiento de conducto en diente de dos raíces', 450000),
('Endodoncia multirradicular', 'Tratamiento de conducto en molar', 550000),
('Corona metal-cerámica', 'Corona con base metálica y recubrimiento cerámico', 800000),
('Corona zirconio', 'Corona de zirconio monolítico', 1200000),
('Implante dental titanio', 'Implante de titanio grado 4', 1500000),
('Blanqueamiento dental', 'Blanqueamiento con peróxido de carbamida', 300000),
('Limpieza dental', 'Profilaxis y detartraje', 80000),
('Extracción simple', 'Extracción dental sin complicaciones', 120000),
('Extracción quirúrgica', 'Extracción con levantamiento de colgajo', 250000),
('Ortodoncia brackets metálicos', 'Tratamiento ortodóncico convencional', 2500000),
('Ortodoncia brackets estéticos', 'Brackets de cerámica o zafiro', 3500000),
('Ortodoncia invisible', 'Alineadores transparentes', 4500000),
('Prótesis total superior', 'Dentadura completa superior', 1800000),
('Prótesis total inferior', 'Dentadura completa inferior', 1800000),
('Prótesis parcial removible', 'Prótesis con retenedores', 1200000),
('Puente fijo 3 unidades', 'Puente de tres coronas', 2400000),
('Carilla de porcelana', 'Lámina cerámica estética', 650000),
('Resina compuesta', 'Obturación estética', 150000),
('Amalgama dental', 'Obturación con amalgama', 100000),
('Incrustación cerámica', 'Inlay/Onlay de porcelana', 750000),
('Férula de descarga', 'Guarda oclusal para bruxismo', 400000),
('Cirugía periodontal', 'Curetaje y alisado radicular', 300000),
('Injerto gingival', 'Injerto de tejido blando', 800000),
('Elevación seno maxilar', 'Aumento de hueso maxilar', 2000000),
('Apicoectomía', 'Cirugía apical', 600000),
('Frenectomía', 'Eliminación de frenillo', 200000),
('Biopsia oral', 'Estudio histopatológico', 350000),
('Selladores de fosetas', 'Prevención de caries', 50000),
('Aplicación de flúor', 'Fluorización tópica', 30000),
('Pulpotomía', 'Tratamiento pulpar vital', 200000),
('Corona de acero', 'Corona pediátrica prefabricada', 300000),
('Mantenedor de espacio', 'Aparato ortodóncico preventivo', 450000),
('Protector bucal deportivo', 'Protección dental personalizada', 250000),
('Radiografía periapical', 'Imagen diagnóstica dental', 25000),
('Radiografía panorámica', 'Ortopantomografía', 80000),
('TAC dental', 'Tomografía computarizada', 200000),
('Cefalometría', 'Análisis radiográfico ortodóncico', 100000),
('Modelo de estudio', 'Impresión diagnóstica', 50000),
('Fotografía intraoral', 'Documentación clínica', 20000),
('Anestesia local', 'Lidocaína con epinefrina', 15000),
('Sedación consciente', 'Óxido nitroso', 150000),
('Hemostasia', 'Control de hemorragia', 100000),
('Sutura', 'Cierre de herida quirúrgica', 80000),
('Drenaje de absceso', 'Evacuación de colección purulenta', 200000),
('Curetaje dental', 'Eliminación de caries', 50000),
('Pulido dental', 'Acabado y brillo', 40000),
('Desensibilización', 'Tratamiento hipersensibilidad', 120000),
('Blanqueamiento en consultorio', 'Peróxido de hidrógeno 35%', 500000),
('Microabrasión', 'Eliminación manchas superficiales', 300000),
('Composite estratificado', 'Restauración estética multicapa', 400000),
('Reconstrucción con poste', 'Perno muñón fibra vidrio', 350000),
('Corona temporal', 'Protección provisional', 150000),
('Prótesis inmediata', 'Dentadura postextracción', 2000000),
('Rebase protésico', 'Ajuste de prótesis', 300000),
('Reparación de prótesis', 'Arreglo de dentadura', 200000),
('Brackets autoligantes', 'Sistema ortodóncico avanzado', 4000000),
('Retenedores ortodóncicos', 'Contención post-tratamiento', 600000),
('Expansión maxilar', 'Aparato de expansión palatina', 800000),
('Disyuntor palatino', 'Separación sutura media', 1000000),
('Aparato funcional', 'Corrección clase II esqueletal', 1500000),
('Lip bumper', 'Protector labial ortodóncico', 400000),
('Quad helix', 'Expansor de cuatro hélices', 600000),
('Pendulum', 'Distalización de molares', 800000),
('Implante inmediato', 'Colocación postextracción', 1800000),
('Carga inmediata', 'Restauración sobre implante', 1200000),
('All-on-4', 'Rehabilitación total sobre 4 implantes', 8000000),
('All-on-6', 'Rehabilitación total sobre 6 implantes', 10000000),
('Injerto óseo', 'Regeneración ósea guiada', 1500000),
('Membrana reabsorbible', 'Barrera regenerativa', 400000),
('Plasma rico en plaquetas', 'Terapia regenerativa PRP', 600000),
('Factores de crecimiento', 'Bioestimulación tisular', 800000),
('Mini implantes', 'Implantes de diámetro reducido', 800000),
('Implantes zigomáticos', 'Fijación en hueso zigomático', 3000000),
('Implantes pterigoideos', 'Anclaje en apófisis pterigoides', 2500000),
('Prótesis híbrida', 'Fija sobre implantes', 6000000),
('Sobredentadura', 'Prótesis removible sobre implantes', 4000000),
('Locators', 'Aditamentos de retención', 300000),
('Barra-clip', 'Sistema de retención protésica', 800000),
('Telescópicas', 'Coronas dobles', 1500000),
('Ataches de precisión', 'Conectores protésicos', 600000),
('Cirugía preprotésica', 'Preparación para prótesis', 800000),
('Alveoloplastia', 'Remodelación de reborde alveolar', 600000),
('Vestibuloplastia', 'Profundización del vestíbulo', 800000),
('Gingivectomía', 'Eliminación de encía', 200000),
('Gingivoplastia', 'Remodelación gingival', 300000),
('Colgajo periodontal', 'Acceso quirúrgico periodontal', 500000),
('Regeneración tisular guiada', 'RTG periodontal', 1200000),
('Injerto óseo periodontal', 'Regeneración ósea', 1000000),
('Corona de longitud', 'Alargamiento coronario', 400000),
('Hemisección', 'División radicular', 600000),
('Obturación retrógrada', 'Sellado apical', 400000),
('MTA', 'Agregado trióxido mineral', 200000),
('Revascularización pulpar', 'Regeneración endodóntica', 800000),
('Apexificación', 'Inducción de cierre apical', 500000),
('Recubrimiento pulpar', 'Protección pulpar directa', 150000),
('Lima rotatoria', 'Instrumentación mecanizada', 50000),
('Irrigación ultrasónica', 'Activación de irrigantes', 100000),
('Obturación termoplástica', 'Condensación vertical caliente', 150000),
('Retratamiento endodóntico', 'Reendodoncia', 600000),
('Cirugía endodóntica', 'Microcirugía apical', 800000),
('Blanqueamiento interno', 'Aclaramiento no vital', 200000),
('Post de fibra', 'Poste estético radicular', 250000),
('Post metálico', 'Poste colado', 300000),
('Muñón colado', 'Base para corona', 400000),
('Corona jacket', 'Corona completa cerámica', 1000000),
('Puente Maryland', 'Puente adherido', 1500000),
('Puente cantilever', 'Puente en voladizo', 1800000),
('Provisionales', 'Restauraciones temporales', 200000),
('Cementado definitivo', 'Fijación permanente', 50000),
('Ajuste oclusal', 'Equilibrado de mordida', 100000),
('Férula quirúrgica', 'Guía para implantes', 400000),
('Planificación digital', 'Diseño asistido por computador', 300000),
('Impresión digital', 'Escáner intraoral', 200000),
('Diseño CAD-CAM', 'Restauración digital', 500000),
('Fresado CAD-CAM', 'Manufactura digital', 300000),
('Sinterizado', 'Proceso cerámico', 200000),
('Glaseado', 'Acabado cerámico', 100000),
('Caracterización', 'Pigmentación estética', 150000),
('Estratificación', 'Técnica multicapa', 200000),
('Infiltración de resina', 'Técnica ICON', 250000),
('Carillas ultrafinas', 'Lentes de contacto dentales', 800000),
('Mock-up', 'Ensayo estético', 200000),
('Encerado diagnóstico', 'Planificación tridimensional', 150000),
('Guía quirúrgica', 'Plantilla para cirugía', 300000),
('Cirugía guiada', 'Implantología digital', 500000),
('Carga diferida', 'Restauración en segunda fase', 800000),
('Cicatrización sumergida', 'Primera fase implantológica', 200000),
('Destape de implante', 'Segunda fase quirúrgica', 150000),
('Pilar de cicatrización', 'Conformador gingival', 200000),
('Impresión de implante', 'Transferencia protésica', 150000),
('Pilar protésico', 'Aditamento para corona', 400000),
('Pilar angulado', 'Corrección de angulación', 500000),
('Pilar personalizado', 'Aditamento individualizado', 800000),
('Tornillo protésico', 'Fijación de restauración', 100000),
('Mantenimiento implante', 'Profilaxis periimplantaria', 120000),
('Periimplantitis', 'Tratamiento de infección', 600000),
('Destornillado', 'Desmontaje protésico', 100000),
('Retorque', 'Ajuste de tornillería', 80000),
('Radiografía de control', 'Seguimiento implantológico', 50000),
('Resonancia magnética', 'Diagnóstico por imágenes', 400000),
('Gammagrafía ósea', 'Medicina nuclear', 600000),
('PET-CT', 'Tomografía por emisión de positrones', 1500000),
('Biopsia incisional', 'Muestra parcial', 300000),
('Biopsia excisional', 'Extirpación completa', 500000),
('Citología exfoliativa', 'Estudio citológico', 100000),
('Inmunohistoquímica', 'Marcadores moleculares', 400000),
('PCR', 'Reacción en cadena de la polimerasa', 200000),
('Cultivo bacteriano', 'Identificación microbiológica', 150000),
('Antibiograma', 'Sensibilidad antibiótica', 120000),
('Secuenciación genética', 'Análisis del ADN', 800000),
('Marcadores tumorales', 'Detección oncológica', 300000),
('Artroscopia ATM', 'Cirugía articular mínimamente invasiva', 2000000),
('Artrocentesis', 'Lavado articular', 800000),
('Inyección de ácido hialurónico', 'Viscosuplemento articular', 600000),
('Toxina botulínica', 'Tratamiento neuromuscular', 800000),
('Férula de reposicionamiento', 'Aparato para ATM', 600000),
('Placa neuromiorelajante', 'Dispositivo oclusal', 500000),
('Fisioterapia orofacial', 'Rehabilitación muscular', 150000),
('Electroterapia', 'Estimulación eléctrica', 100000),
('Laser terapia', 'Fotobiomodulación', 200000),
('Crioterapia', 'Aplicación de frío', 50000),
('Termoterapia', 'Aplicación de calor', 50000),
('Masaje terapéutico', 'Técnica manual', 80000),
('Ejercicios mandibulares', 'Terapia kinésica', 60000),
('Relajación muscular', 'Técnicas de relajación', 100000),
('Biofeedback', 'Retroalimentación biológica', 200000),
('Psicoterapia dental', 'Manejo de ansiedad', 300000),
('Hipnosis clínica', 'Técnica de relajación', 400000),
('Musicoterapia', 'Terapia con música', 100000),
('Aromaterapia', 'Terapia con aromas', 80000),
('Ozono terapia', 'Tratamiento con ozono', 150000),
('Plasma frío', 'Desinfección con plasma', 200000),
('Fotodinámica', 'Terapia con luz', 300000),
('Ultrasonido', 'Terapia ultrasónica', 150000),
('Electroforesis', 'Administración transdérmica', 120000),
('Iontoforesis', 'Aplicación de corriente', 100000),
('Magnetoterapia', 'Campos magnéticos', 180000),
('Acupuntura', 'Medicina tradicional china', 200000),
('Homeopatía', 'Medicina alternativa', 150000),
('Fitoterapia', 'Medicina herbal', 100000),
('Nutrición dental', 'Asesoría nutricional', 120000),
('Educación en salud oral', 'Programa preventivo', 80000),
('Control de placa', 'Técnicas de higiene', 60000),
('Uso de hilo dental', 'Técnica interproximal', 30000),
('Enjuague bucal', 'Antiséptico oral', 25000),
('Cepillado supervisado', 'Técnica de cepillado', 40000),
('Revelador de placa', 'Evidenciador bacteriano', 20000),
('Índices periodontales', 'Medición clínica', 50000),
('Sondaje periodontal', 'Evaluación de bolsas', 80000),
('Movilidad dental', 'Valoración de firmeza', 30000),
('Oclusión dental', 'Análisis de mordida', 100000),
('Articulador semiajustable', 'Simulador de movimientos', 200000),
('Arco facial', 'Registro de posición', 150000),
('Registro de mordida', 'Relación intermaxilar', 100000),
('Montaje en articulador', 'Posicionamiento de modelos', 150000),
('Encerado funcional', 'Diseño oclusal', 200000),
('Llave de silicona', 'Guía de reducción', 50000),
('Matriz provisional', 'Restauración temporal', 80000),
('Aislamiento absoluto', 'Dique de goma', 40000),
('Aislamiento relativo', 'Rollos de algodón', 20000),
('Retracción gingival', 'Separación de encías', 60000),
('Hemostasia local', 'Control de sangrado', 50000),
('Electrocirugía', 'Corte y coagulación', 150000),
('Radiocirugía', 'Cirugía con ondas de radio', 300000),
('Piezocirugía', 'Cirugía ultrasónica', 400000),
('Cirugía láser', 'Corte con láser', 500000);

-- Insertar 200 planes de tratamiento
INSERT INTO treatment_plans (patient_id, dentist_id, start_date, end_date, status) VALUES
(1, 1, '2024-01-15', '2024-03-15', 'En progreso'),
(2, 2, '2024-01-16', '2024-12-16', 'Iniciado'),
(3, 3, '2024-01-17', '2024-02-17', 'Completado'),
(4, 4, '2024-01-18', '2024-06-18', 'En progreso'),
(5, 5, '2024-01-19', '2024-04-19', 'Iniciado'),
(6, 6, '2024-01-20', '2024-07-20', 'En progreso'),
(7, 7, '2024-01-21', '2024-05-21', 'Completado'),
(8, 8, '2024-01-22', '2024-03-22', 'En progreso'),
(9, 9, '2024-01-23', '2024-02-23', 'Iniciado'),
(10, 10, '2024-01-24', '2024-08-24', 'En progreso'),
(11, 11, '2024-01-25', '2024-09-25', 'En progreso'),
(12, 12, '2024-01-26', '2024-04-26', 'Completado'),
(13, 13, '2024-01-27', '2024-03-27', 'En progreso'),
(14, 14, '2024-01-28', '2024-10-28', 'Iniciado'),
(15, 15, '2024-01-29', '2024-05-29', 'En progreso'),
(16, 16, '2024-01-30', '2024-06-30', 'Completado'),
(17, 17, '2024-01-31', '2024-07-31', 'En progreso'),
(18, 18, '2024-02-01', '2024-04-01', 'Iniciado'),
(19, 19, '2024-02-02', '2024-03-02', 'Completado'),
(20, 20, '2024-02-03', '2024-11-03', 'En progreso'),
(21, 21, '2024-02-04', '2024-08-04', 'Iniciado'),
(22, 22, '2024-02-05', '2024-05-05', 'En progreso'),
(23, 23, '2024-02-06', '2024-06-06', 'Completado'),
(24, 24, '2024-02-07', '2024-12-07', 'En progreso'),
(25, 25, '2024-02-08', '2024-07-08', 'Iniciado'),
(26, 26, '2024-02-09', '2024-09-09', 'En progreso'),
(27, 27, '2024-02-10', '2024-10-10', 'Completado'),
(28, 28, '2024-02-11', '2024-05-11', 'En progreso'),
(29, 29, '2024-02-12', '2024-04-12', 'Iniciado'),
(30, 30, '2024-02-13', '2024-08-13', 'En progreso'),
(31, 31, '2024-02-14', '2024-11-14', 'Completado'),
(32, 32, '2024-02-15', '2024-06-15', 'En progreso'),
(33, 33, '2024-02-16', '2024-03-16', 'Iniciado'),
(34, 34, '2024-02-17', '2024-09-17', 'En progreso'),
(35, 35, '2024-02-18', '2024-07-18', 'Completado'),
(36, 36, '2024-02-19', '2024-10-19', 'En progreso'),
(37, 37, '2024-02-20', '2024-08-20', 'Iniciado'),
(38, 38, '2024-02-21', '2024-05-21', 'En progreso'),
(39, 39, '2024-02-22', '2024-04-22', 'Completado'),
(40, 40, '2024-02-23', '2024-12-23', 'En progreso'),
(41, 41, '2024-02-24', '2024-09-24', 'Iniciado'),
(42, 42, '2024-02-25', '2024-06-25', 'En progreso'),
(43, 43, '2024-02-26', '2024-07-26', 'Completado'),
(44, 44, '2024-02-27', '2024-11-27', 'En progreso'),
(45, 45, '2024-02-28', '2024-08-28', 'Iniciado'),
(46, 46, '2024-02-29', '2024-10-29', 'En progreso'),
(47, 47, '2024-03-01', '2024-05-01', 'Completado'),
(48, 48, '2024-03-02', '2024-09-02', 'En progreso'),
(49, 49, '2024-03-03', '2024-04-03', 'Iniciado'),
(50, 50, '2024-03-04', '2024-12-04', 'En progreso'),
(51, 51, '2024-03-05', '2024-11-05', 'Completado'),
(52, 52, '2024-03-06', '2024-07-06', 'En progreso'),
(53, 53, '2024-03-07', '2024-06-07', 'Iniciado'),
(54, 54, '2024-03-08', '2024-08-08', 'En progreso'),
(55, 55, '2024-03-09', '2024-10-09', 'Completado'),
(56, 56, '2024-03-10', '2024-09-10', 'En progreso'),
(57, 57, '2024-03-11', '2024-05-11', 'Iniciado'),
(58, 58, '2024-03-12', '2024-07-12', 'En progreso'),
(59, 59, '2024-03-13', '2024-04-13', 'Completado'),
(60, 60, '2024-03-14', '2024-12-14', 'En progreso'),
(61, 61, '2024-03-15', '2024-11-15', 'Iniciado'),
(62, 62, '2024-03-16', '2024-08-16', 'En progreso'),
(63, 63, '2024-03-17', '2024-06-17', 'Completado'),
(64, 64, '2024-03-18', '2024-09-18', 'En progreso'),
(65, 65, '2024-03-19', '2024-10-19', 'Iniciado'),
(66, 66, '2024-03-20', '2024-07-20', 'En progreso'),
(67, 67, '2024-03-21', '2024-05-21', 'Completado'),
(68, 68, '2024-03-22', '2024-08-22', 'En progreso'),
(69, 69, '2024-03-23', '2024-04-23', 'Iniciado'),
(70, 70, '2024-03-24', '2024-12-24', 'En progreso'),
(71, 71, '2024-03-25', '2024-11-25', 'Completado'),
(72, 72, '2024-03-26', '2024-09-26', 'En progreso'),
(73, 73, '2024-03-27', '2024-06-27', 'Iniciado'),
(74, 74, '2024-03-28', '2024-10-28', 'En progreso'),
(75, 75, '2024-03-29', '2024-07-29', 'Completado'),
(76, 76, '2024-03-30', '2024-08-30', 'En progreso'),
(77, 77, '2024-03-31', '2024-05-31', 'Iniciado'),
(78, 78, '2024-04-01', '2024-09-01', 'En progreso'),
(79, 79, '2024-04-02', '2024-04-30', 'Completado'),
(80, 80, '2024-04-03', '2024-12-03', 'En progreso'),
(81, 81, '2024-04-04', '2024-11-04', 'Iniciado'),
(82, 82, '2024-04-05', '2024-10-05', 'En progreso'),
(83, 83, '2024-04-06', '2024-06-06', 'Completado'),
(84, 84, '2024-04-07', '2024-08-07', 'En progreso'),
(85, 85, '2024-04-08', '2024-07-08', 'Iniciado'),
(86, 86, '2024-04-09', '2024-09-09', 'En progreso'),
(87, 87, '2024-04-10', '2024-05-10', 'Completado'),
(88, 88, '2024-04-11', '2024-10-11', 'En progreso'),
(89, 89, '2024-04-12', '2024-04-30', 'Iniciado'),
(90, 90, '2024-04-13', '2024-12-13', 'En progreso'),
(91, 91, '2024-04-14', '2024-11-14', 'Completado'),
(92, 92, '2024-04-15', '2024-08-15', 'En progreso'),
(93, 93, '2024-04-16', '2024-06-16', 'Iniciado'),
(94, 94, '2024-04-17', '2024-09-17', 'En progreso'),
(95, 95, '2024-04-18', '2024-07-18', 'Completado'),
(96, 96, '2024-04-19', '2024-10-19', 'En progreso'),
(97, 97, '2024-04-20', '2024-05-20', 'Iniciado'),
(98, 98, '2024-04-21', '2024-08-21', 'En progreso'),
(99, 99, '2024-04-22', '2024-04-30', 'Completado'),
(100, 100, '2024-04-23', '2024-12-23', 'En progreso'),
(101, 1, '2024-04-24', '2024-11-24', 'Iniciado'),
(102, 2, '2024-04-25', '2024-09-25', 'En progreso'),
(103, 3, '2024-04-26', '2024-06-26', 'Completado'),
(104, 4, '2024-04-27', '2024-10-27', 'En progreso'),
(105, 5, '2024-04-28', '2024-07-28', 'Iniciado'),
(106, 6, '2024-04-29', '2024-08-29', 'En progreso'),
(107, 7, '2024-04-30', '2024-05-30', 'Completado'),
(108, 8, '2024-05-01', '2024-09-01', 'En progreso'),
(109, 9, '2024-05-02', '2024-05-31', 'Iniciado'),
(110, 10, '2024-05-03', '2024-12-03', 'En progreso'),
(111, 11, '2024-05-04', '2024-11-04', 'Completado'),
(112, 12, '2024-05-05', '2024-10-05', 'En progreso'),
(113, 13, '2024-05-06', '2024-06-06', 'Iniciado'),
(114, 14, '2024-05-07', '2024-08-07', 'En progreso'),
(115, 15, '2024-05-08', '2024-07-08', 'Completado'),
(116, 16, '2024-05-09', '2024-09-09', 'En progreso'),
(117, 17, '2024-05-10', '2024-05-31', 'Iniciado'),
(118, 18, '2024-05-11', '2024-10-11', 'En progreso'),
(119, 19, '2024-05-12', '2024-05-31', 'Completado'),
(120, 20, '2024-05-13', '2024-12-13', 'En progreso'),
(121, 21, '2024-05-14', '2024-11-14', 'Iniciado'),
(122, 22, '2024-05-15', '2024-08-15', 'En progreso'),
(123, 23, '2024-05-16', '2024-06-16', 'Completado'),
(124, 24, '2024-05-17', '2024-09-17', 'En progreso'),
(125, 25, '2024-05-18', '2024-07-18', 'Iniciado'),
(126, 26, '2024-05-19', '2024-10-19', 'En progreso'),
(127, 27, '2024-05-20', '2024-05-31', 'Completado'),
(128, 28, '2024-05-21', '2024-08-21', 'En progreso'),
(129, 29, '2024-05-22', '2024-05-31', 'Iniciado'),
(130, 30, '2024-05-23', '2024-12-23', 'En progreso'),
(131, 31, '2024-05-24', '2024-11-24', 'Completado'),
(132, 32, '2024-05-25', '2024-09-25', 'En progreso'),
(133, 33, '2024-05-26', '2024-06-26', 'Iniciado'),
(134, 34, '2024-05-27', '2024-10-27', 'En progreso'),
(135, 35, '2024-05-28', '2024-07-28', 'Completado'),
(136, 36, '2024-05-29', '2024-08-29', 'En progreso'),
(137, 37, '2024-05-30', '2024-05-31', 'Iniciado'),
(138, 38, '2024-05-31', '2024-09-30', 'En progreso'),
(139, 39, '2024-06-01', '2024-06-30', 'Completado'),
(140, 40, '2024-06-02', '2024-12-02', 'En progreso'),
(141, 41, '2024-06-03', '2024-11-03', 'Iniciado'),
(142, 42, '2024-06-04', '2024-10-04', 'En progreso'),
(143, 43, '2024-06-05', '2024-06-30', 'Completado'),
(144, 44, '2024-06-06', '2024-08-06', 'En progreso'),
(145, 45, '2024-06-07', '2024-07-07', 'Iniciado'),
(146, 46, '2024-06-08', '2024-09-08', 'En progreso'),
(147, 47, '2024-06-09', '2024-06-30', 'Completado'),
(148, 48, '2024-06-10', '2024-10-10', 'En progreso'),
(149, 49, '2024-06-11', '2024-06-30', 'Iniciado'),
(150, 50, '2024-06-12', '2024-12-12', 'En progreso'),
(151, 51, '2024-06-13', '2024-11-13', 'Completado'),
(152, 52, '2024-06-14', '2024-08-14', 'En progreso'),
(153, 53, '2024-06-15', '2024-06-30', 'Iniciado'),
(154, 54, '2024-06-16', '2024-09-16', 'En progreso'),
(155, 55, '2024-06-17', '2024-07-17', 'Completado'),
(156, 56, '2024-06-18', '2024-10-18', 'En progreso'),
(157, 57, '2024-06-19', '2024-06-30', 'Iniciado'),
(158, 58, '2024-06-20', '2024-08-20', 'En progreso'),
(159, 59, '2024-06-21', '2024-06-30', 'Completado'),
(160, 60, '2024-06-22', '2024-12-22', 'En progreso'),
(161, 61, '2024-06-23', '2024-11-23', 'Iniciado'),
(162, 62, '2024-06-24', '2024-09-24', 'En progreso'),
(163, 63, '2024-06-25', '2024-06-30', 'Completado'),
(164, 64, '2024-06-26', '2024-10-26', 'En progreso'),
(165, 65, '2024-06-27', '2024-07-27', 'Iniciado'),
(166, 66, '2024-06-28', '2024-08-28', 'En progreso'),
(167, 67, '2024-06-29', '2024-06-30', 'Completado'),
(168, 68, '2024-06-30', '2024-09-30', 'En progreso'),
(169, 69, '2024-07-01', '2024-07-31', 'Iniciado'),
(170, 70, '2024-07-02', '2024-12-02', 'En progreso'),
(171, 71, '2024-07-03', '2024-11-03', 'Completado'),
(172, 72, '2024-07-04', '2024-10-04', 'En progreso'),
(173, 73, '2024-07-05', '2024-07-31', 'Iniciado'),
(174, 74, '2024-07-06', '2024-08-06', 'En progreso'),
(175, 75, '2024-07-07', '2024-07-31', 'Completado'),
(176, 76, '2024-07-08', '2024-09-08', 'En progreso'),
(177, 77, '2024-07-09', '2024-07-31', 'Iniciado'),
(178, 78, '2024-07-10', '2024-10-10', 'En progreso'),
(179, 79, '2024-07-11', '2024-07-31', 'Completado'),
(180, 80, '2024-07-12', '2024-12-12', 'En progreso'),
(181, 81, '2024-07-13', '2024-11-13', 'Iniciado'),
(182, 82, '2024-07-14', '2024-08-14', 'En progreso'),
(183, 83, '2024-07-15', '2024-07-31', 'Completado'),
(184, 84, '2024-07-16', '2024-09-16', 'En progreso'),
(185, 85, '2024-07-17', '2024-07-31', 'Iniciado'),
(186, 86, '2024-07-18', '2024-10-18', 'En progreso'),
(187, 87, '2024-07-19', '2024-07-31', 'Completado'),
(188, 88, '2024-07-20', '2024-08-20', 'En progreso'),
(189, 89, '2024-07-21', '2024-07-31', 'Iniciado'),
(190, 90, '2024-07-22', '2024-12-22', 'En progreso'),
(191, 91, '2024-07-23', '2024-11-23', 'Completado'),
(192, 92, '2024-07-24', '2024-09-24', 'En progreso'),
(193, 93, '2024-07-25', '2024-07-31', 'Iniciado'),
(194, 94, '2024-07-26', '2024-10-26', 'En progreso'),
(195, 95, '2024-07-27', '2024-07-31', 'Completado'),
(196, 96, '2024-07-28', '2024-08-28', 'En progreso'),
(197, 97, '2024-07-29', '2024-07-31', 'Iniciado'),
(198, 98, '2024-07-30', '2024-09-30', 'En progreso'),
(199, 99, '2024-07-31', '2024-07-31', 'Completado'),
(200, 100, '2024-08-01', '2024-12-01', 'En progreso');

-- Insertar 200 procedimientos
INSERT INTO procedures (plan_id, treatment_id, tooth_id, procedure_date, observations) VALUES
(1, 1, 1, '2024-01-15', 'Endodoncia en incisivo central superior derecho'),
(1, 4, 1, '2024-02-15', 'Corona sobre endodoncia'),
(2, 11, 2, '2024-01-16', 'Inicio ortodoncia con brackets metálicos'),
(3, 9, 18, '2024-01-17', 'Extracción tercer molar superior derecho'),
(4, 8, NULL, '2024-01-18', 'Limpieza periodontal profunda'),
(5, 13, NULL, '2024-01-19', 'Impresiones para prótesis parcial'),
(6, 7, NULL, '2024-01-20', 'Blanqueamiento ambulatorio'),
(7, 6, 16, '2024-01-21', 'Colocación implante molar superior'),
(8, 18, 11, '2024-01-22', 'Carilla en incisivo central'),
(9, 19, 36, '2024-01-23', 'Resina en molar inferior'),
(10, 8, NULL, '2024-01-24', 'Profilaxis y detartraje completo'),
(11, 2, 26, '2024-01-25', 'Endodoncia en primer molar superior izquierdo'),
(12, 7, NULL, '2024-01-26', 'Blanqueamiento dental ambulatorio'),
(13, 10, 48, '2024-01-27', 'Extracción quirúrgica muela del juicio'),
(14, 11, NULL, '2024-01-28', 'Colocación brackets superiores'),
(15, 3, 46, '2024-01-29', 'Endodoncia multirradicular molar inferior'),
(16, 8, NULL, '2024-01-30', 'Limpieza periodontal sector anterior'),
(17, 6, 36, '2024-01-31', 'Implante en zona molar inferior izquierda'),
(18, 18, 21, '2024-02-01', 'Carilla cerámica incisivo lateral'),
(19, 19, 24, '2024-02-02', 'Resina compuesta premolar superior'),
(20, 5, 14, '2024-02-03', 'Corona zirconio premolar derecho'),
(21, 16, NULL, '2024-02-04', 'Prótesis parcial removible superior'),
(22, 8, NULL, '2024-02-05', 'Control periodontal trimestral'),
(23, 25, 37, '2024-02-06', 'Elevación seno maxilar derecho'),
(24, 12, NULL, '2024-02-07', 'Brackets estéticos superiores e inferiores'),
(25, 26, 15, '2024-02-08', 'Apicoectomía segundo premolar superior'),
(26, 24, NULL, '2024-02-09', 'Cirugía periodontal regenerativa'),
(27, 59, 28, '2024-02-10', 'All-on-4 maxilar superior'),
(28, 7, NULL, '2024-02-11', 'Blanqueamiento en consultorio'),
(29, 31, NULL, '2024-02-12', 'Radiografía panorámica diagnóstica'),
(30, 40, NULL, '2024-02-13', 'Biopsia de lesión en paladar'),
(31, 4, 22, '2024-02-14', 'Corona metal-cerámica incisivo lateral'),
(32, 29, 55, '2024-02-15', 'Selladores de fosetas molares temporales'),
(33, 27, NULL, '2024-02-16', 'Frenectomía labial superior'),
(34, 45, NULL, '2024-02-17', 'Expansión maxilar con disyuntor'),
(35, 30, 85, '2024-02-18', 'Pulpotomía molar temporal'),
(36, 24, NULL, '2024-02-19', 'Injerto gingival libre'),
(37, 6, 17, '2024-02-20', 'Implante inmediato postextracción'),
(38, 41, 12, '2024-02-21', 'Composite estratificado incisivo lateral'),
(39, 31, NULL, '2024-02-22', 'TAC dental para planificación'),
(40, 35, NULL, '2024-02-23', 'Sedación consciente con óxido nitroso'),
(41, 17, NULL, '2024-02-24', 'Puente fijo de 4 unidades'),
(42, 30, 74, '2024-02-25', 'Aplicación flúor barniz'),
(43, 25, NULL, '2024-02-26', 'Injerto óseo con biomaterial'),
(44, 46, NULL, '2024-02-27', 'Aparato funcional Frankel'),
(45, 1, 33, '2024-02-28', 'Endodoncia canino inferior izquierdo'),
(46, 24, NULL, '2024-02-29', 'Regeneración tisular guiada'),
(47, 58, 42, '2024-03-01', 'Carga inmediata sobre implante'),
(48, 42, 13, '2024-03-02', 'Microabrasión canino superior'),
(49, 33, NULL, '2024-03-03', 'Cefalometría lateral de cráneo'),
(50, 39, NULL, '2024-03-04', 'Cultivo bacteriano periodontal'),
(51, 21, 45, '2024-03-05', 'Incrustación cerámica premolar'),
(52, 30, NULL, '2024-03-06', 'Programa preventivo infantil'),
(53, 87, NULL, '2024-03-07', 'Distracción osteogénica mandibular'),
(54, 48, NULL, '2024-03-08', 'Lip bumper para protrusión'),
(55, 26, 35, '2024-03-09', 'Apicoectomía segundo premolar inferior'),
(56, 67, NULL, '2024-03-10', 'Colgajo de acceso periodontal'),
(57, 59, NULL, '2024-03-11', 'All-on-6 rehabilitación completa'),
(58, 19, 44, '2024-03-12', 'Resina compuesta clase II'),
(59, 126, NULL, '2024-03-13', 'Resonancia magnética ATM'),
(60, 130, NULL, '2024-03-14', 'Genotipado bacteriano avanzado'),
(61, 72, NULL, '2024-03-15', 'Sobredentadura inferior'),
(62, 8, NULL, '2024-03-16', 'Mantenimiento periodontal'),
(63, 91, NULL, '2024-03-17', 'Osteotomía Le Fort I'),
(64, 49, NULL, '2024-03-18', 'Quad helix expansión'),
(65, 78, 25, '2024-03-19', 'Revascularización pulpar'),
(66, 64, NULL, '2024-03-20', 'Plasma rico en plaquetas'),
(67, 65, 27, '2024-03-21', 'Mini implantes ortodóncicos'),
(68, 44, 23, '2024-03-22', 'Infiltración de resina Icon'),
(69, 122, NULL, '2024-03-23', 'Artroscopia de ATM'),
(70, 124, NULL, '2024-03-24', 'Antibiograma específico'),
(71, 74, NULL, '2024-03-25', 'Barra-clip sobre implantes'),
(72, 166, NULL, '2024-03-26', 'Remineralización con CPP-ACP'),
(73, 92, NULL, '2024-03-27', 'Sagital split mandibular'),
(74, 50, NULL, '2024-03-28', 'Pendulum distalización'),
(75, 77, 31, '2024-03-29', 'MTA apical directo'),
(76, 63, NULL, '2024-03-30', 'Membrana de colágeno'),
(77, 66, NULL, '2024-03-31', 'Implante pterigoideo'),
(78, 45, 41, '2024-04-01', 'Estratificación composite anterior'),
(79, 125, NULL, '2024-04-02', 'PET-CT maxilofacial'),
(80, 129, NULL, '2024-04-03', 'Secuenciación genética'),
(81, 73, NULL, '2024-04-04', 'Telescópicas dobles'),
(82, 167, NULL, '2024-04-05', 'Educación en higiene oral'),
(83, 89, NULL, '2024-04-06', 'Mentoplastia de aumento'),
(84, 47, NULL, '2024-04-07', 'Aparato funcional Twin Block'),
(85, 79, 16, '2024-04-08', 'Obturación retrógrada con MTA'),
(86, 62, NULL, '2024-04-09', 'Factor de crecimiento PDGF'),
(87, 68, NULL, '2024-04-10', 'Implante basal bicortical'),
(88, 46, 32, '2024-04-11', 'Icon infiltrante lesión inicial'),
(89, 123, NULL, '2024-04-12', 'Artrocentesis bilateral'),
(90, 131, NULL, '2024-04-13', 'Marcadores tumorales orales'),
(91, 75, NULL, '2024-04-14', 'Ataches locator implantes'),
(92, 168, NULL, '2024-04-15', 'Técnica de Bass modificada'),
(93, 90, NULL, '2024-04-16', 'Osteotomía sagital bilateral'),
(94, 51, NULL, '2024-04-17', 'Disyunción maxilar rápida'),
(95, 80, 34, '2024-04-18', 'Apexificación con hidróxido'),
(96, 61, NULL, '2024-04-19', 'Injerto óseo autólogo'),
(97, 69, 38, '2024-04-20', 'Implante zigomático'),
(98, 47, 43, '2024-04-21', 'Composite nanohíbrido'),
(99, 127, NULL, '2024-04-22', 'Gammagrafía ósea trifásica'),
(100, 133, NULL, '2024-04-23', 'Inmunohistoquímica p53'),
(101, 1, 47, '2024-04-24', 'Endodoncia segundo molar inferior'),
(102, 11, NULL, '2024-04-25', 'Activación ortodóncica mensual'),
(103, 9, 28, '2024-04-26', 'Extracción cordal superior izquierda'),
(104, 8, NULL, '2024-04-27', 'Raspado y alisado radicular'),
(105, 16, NULL, '2024-04-28', 'Rebase de prótesis total'),
(106, 7, NULL, '2024-04-29', 'Blanqueamiento domiciliario'),
(107, 6, 26, '2024-04-30', 'Control de implante integrado'),
(108, 18, 22, '2024-05-01', 'Carilla de porcelana feldespática'),
(109, 31, NULL, '2024-05-02', 'Radiografía de control'),
(110, 40, NULL, '2024-05-03', 'Resultado de biopsia'),
(111, 4, 15, '2024-05-04', 'Corona provisional acrílica'),
(112, 8, NULL, '2024-05-05', 'Control periodontal semestral'),
(113, 10, 18, '2024-05-06', 'Sutura post-extracción'),
(114, 12, NULL, '2024-05-07', 'Cambio de ligaduras'),
(115, 2, 41, '2024-05-08', 'Obturación de conductos'),
(116, 24, NULL, '2024-05-09', 'Evaluación de injerto'),
(117, 58, NULL, '2024-05-10', 'Carga protésica diferida'),
(118, 43, 11, '2024-05-11', 'Pulido de composite'),
(119, 33, NULL, '2024-05-12', 'Análisis cefalométrico'),
(120, 35, NULL, '2024-05-13', 'Premedicación anestésica'),
(121, 17, NULL, '2024-05-14', 'Cementado de puente'),
(122, 29, 64, '2024-05-15', 'Refuerzo con selladores'),
(123, 27, NULL, '2024-05-16', 'Cicatrización de frenectomía'),
(124, 45, NULL, '2024-05-17', 'Retención ortodóncica'),
(125, 30, 75, '2024-05-18', 'Corona de acero pediátrica'),
(126, 67, NULL, '2024-05-19', 'Segundo tiempo quirúrgico'),
(127, 57, NULL, '2024-05-20', 'Mantenimiento All-on-4'),
(128, 7, NULL, '2024-05-21', 'Control post-blanqueamiento'),
(129, 32, NULL, '2024-05-22', 'TAC de control'),
(130, 38, NULL, '2024-05-23', 'Monitoreo de signos vitales'),
(131, 21, 24, '2024-05-24', 'Pulido de incrustación'),
(132, 8, NULL, '2024-05-25', 'Irrigación subgingival'),
(133, 25, NULL, '2024-05-26', 'Control de injerto óseo'),
(134, 46, NULL, '2024-05-27', 'Ajuste de aparato'),
(135, 1, 44, '2024-05-28', 'Lima de glide path'),
(136, 63, NULL, '2024-05-29', 'Evaluación de membrana'),
(137, 59, NULL, '2024-05-30', 'Fotografías de control'),
(138, 19, 14, '2024-05-31', 'Resina clase V cervical'),
(139, 31, NULL, '2024-06-01', 'Radiografía bitewing'),
(140, 36, NULL, '2024-06-02', 'Control de hemostasia'),
(141, 4, 25, '2024-06-03', 'Impresión para corona'),
(142, 30, NULL, '2024-06-04', 'Aplicación de barniz'),
(143, 10, NULL, '2024-06-05', 'Retiro de puntos'),
(144, 11, NULL, '2024-06-06', 'Colocación de cadena elástica'),
(145, 3, 37, '2024-06-07', 'Instrumentación con ProTaper'),
(146, 24, NULL, '2024-06-08', 'Injerto de tejido conectivo'),
(147, 6, NULL, '2024-06-09', 'Destape de implante'),
(148, 41, 21, '2024-06-10', 'Restauración directa anterior'),
(149, 33, NULL, '2024-06-11', 'Trazado cefalométrico'),
(150, 35, NULL, '2024-06-12', 'Sedación con midazolam'),
(151, 17, NULL, '2024-06-13', 'Ajuste oclusal de puente'),
(152, 8, NULL, '2024-06-14', 'Profilaxis con ultrasonido'),
(153, 27, NULL, '2024-06-15', 'Control de cicatrización'),
(154, 12, NULL, '2024-06-16', 'Brackets linguales'),
(155, 2, 45, '2024-06-17', 'Localización de conductos'),
(156, 67, NULL, '2024-06-18', 'Sutura con seda 4-0'),
(157, 57, NULL, '2024-06-19', 'Higiene de prótesis'),
(158, 42, 13, '2024-06-20', 'Eliminación de manchas'),
(159, 31, NULL, '2024-06-21', 'Imagen panorámica digital'),
(160, 40, NULL, '2024-06-22', 'Marcaje histológico'),
(161, 4, 35, '2024-06-23', 'Preparación para corona'),
(162, 8, NULL, '2024-06-24', 'Irrigación con clorhexidina'),
(163, 25, NULL, '2024-06-25', 'Colocación de membrana'),
(164, 45, NULL, '2024-06-26', 'Expansión palatina lenta'),
(165, 1, 43, '2024-06-27', 'Obturación con gutapercha'),
(166, 24, NULL, '2024-06-28', 'Evaluación de queratinizada'),
(167, 59, NULL, '2024-06-29', 'Control radiográfico'),
(168, 19, 23, '2024-06-30', 'Resina fluida clase III'),
(169, 31, NULL, '2024-07-01', 'Control post-operatorio'),
(170, 39, NULL, '2024-07-02', 'Cultivo de Aggregatibacter'),
(171, 21, 15, '2024-07-03', 'Cementado de inlay'),
(172, 30, NULL, '2024-07-04', 'Técnica de cepillado'),
(173, 87, NULL, '2024-07-05', 'Activación del distractor'),
(174, 48, NULL, '2024-07-06', 'Ajuste del lip bumper'),
(175, 26, 42, '2024-07-07', 'Cirugía periapical'),
(176, 62, NULL, '2024-07-08', 'Aplicación de PDGF'),
(177, 65, NULL, '2024-07-09', 'Colocación de microtornillos'),
(178, 44, 12, '2024-07-10', 'Sellado de fisuras'),
(179, 122, NULL, '2024-07-11', 'Lavado articular'),
(180, 124, NULL, '2024-07-12', 'Test de sensibilidad'),
(181, 74, NULL, '2024-07-13', 'Activación de barra'),
(182, 166, NULL, '2024-07-14', 'Aplicación de MI Paste'),
(183, 92, NULL, '2024-07-15', 'Fijación intermaxilar'),
(184, 50, NULL, '2024-07-16', 'Activación del pendulum'),
(185, 77, 32, '2024-07-17', 'Sellado apical con MTA'),
(186, 63, NULL, '2024-07-18', 'Estabilización primaria'),
(187, 66, 16, '2024-07-19', 'Implante en tuberosidad'),
(188, 45, 22, '2024-07-20', 'Composite nanocerámico'),
(189, 125, NULL, '2024-07-21', 'Fusión de imágenes'),
(190, 129, NULL, '2024-07-22', 'Análisis de microarray'),
(191, 73, NULL, '2024-07-23', 'Retención friccionaal'),
(192, 167, NULL, '2024-07-24', 'Control de técnica'),
(193, 89, NULL, '2024-07-25', 'Osteoplastia mentoniana'),
(194, 47, NULL, '2024-07-26', 'Activación nocturna'),
(195, 79, 34, '2024-07-27', 'Retro-obturación con Biodentine'),
(196, 61, NULL, '2024-07-28', 'Harvesting de calota'),
(197, 68, 48, '2024-07-29', 'Implante cortical basal'),
(198, 46, 31, '2024-07-30', 'Remineralización dirigida'),
(199, 123, NULL, '2024-07-31', 'Artrocentesis terapéutica'),
(200, 131, NULL, '2024-08-01', 'Biopsia líquida');

-- Insertar 200 materiales
INSERT INTO materials (name, description, stock) VALUES
('Gutapercha', 'Material de obturación endodóntica', 1000),
('Cemento endodóntico', 'Sellador de conductos', 50),
('Resina compuesta A2', 'Resina color A2 universal', 200),
('Resina compuesta A3', 'Resina color A3 universal', 180),
('Brackets metálicos', 'Brackets de acero inoxidable', 500),
('Arcos ortodóncicos NiTi', 'Arcos de níquel titanio', 100),
('Implantes titanio 4.1x10', 'Implantes de titanio grado 4', 25),
('Coronas zirconio', 'Coronas prefabricadas zirconio', 30),
('Anestésico lidocaína', 'Lidocaína al 2% con epinefrina', 200),
('Dique de goma', 'Aislamiento absoluto', 500),
('Resina compuesta B1', 'Resina color B1 clara', 150),
('Resina compuesta C2', 'Resina color C2 grisácea', 120),
('Amalgama dental', 'Aleación de plata para obturación', 300),
('Ionómero de vidrio', 'Material restaurador bioactivo', 80),
('Composite fotocurable', 'Resina activada por luz', 250),
('Brackets cerámicos', 'Brackets estéticos transparentes', 200),
('Arcos de acero', 'Arcos ortodóncicos convencionales', 150),
('Ligaduras elásticas', 'Gomas para brackets colores', 2000),
('Cadenas elásticas', 'Cadenas continuas ortodóncicas', 100),
('Implantes 3.7x8', 'Implantes de diámetro reducido', 20),
('Implantes 4.7x12', 'Implantes para zona posterior', 18),
('Pilares de cicatrización', 'Conformadores gingivales', 50),
('Pilares protésicos', 'Aditamentos para coronas', 40),
('Tornillos protésicos', 'Fijación de restauraciones', 100),
('Coronas metal-cerámica', 'Coronas con base metálica', 25),
('Coronas de porcelana', 'Coronas completamente cerámicas', 20),
('Prótesis acrílicas', 'Bases de dentaduras', 15),
('Dientes artificiales', 'Dientes para prótesis', 500),
('Cementos temporales', 'Fijación provisional', 60),
('Cementos definitivos', 'Cementado permanente', 45),
('Ácido fosfórico', 'Grabador de esmalte', 100),
('Adhesivo dental', 'Sistema de unión', 80),
('Primer dental', 'Promotor de adhesión', 70),
('Selladores de fisuras', 'Prevención de caries', 90),
('Flúor tópico', 'Barniz de fluoruro', 120),
('Flúor gel', 'Aplicación en cubetas', 80),
('Pasta profiláctica', 'Limpieza y pulido', 200),
('Copas de goma', 'Instrumentos de pulido', 300),
('Cepillos de profilaxis', 'Limpieza interproximal', 250),
('Hilo dental', 'Higiene interproximal', 1000),
('Revelador de placa', 'Evidenciador bacteriano', 50),
('Antiséptico bucal', 'Enjuague desinfectante', 150),
('Gasas estériles', 'Material hemostático', 500),
('Algodón en rollo', 'Aislamiento relativo', 300),
('Eyectores de saliva', 'Aspiración intraoral', 1000),
('Baberos desechables', 'Protección del paciente', 2000),
('Guantes de látex', 'Protección del operador', 2000),
('Mascarillas quirúrgicas', 'Protección respiratoria', 1000),
('Gorros desechables', 'Protección capilar', 500),
('Jeringas desechables', 'Aplicación de anestesia', 200),
('Agujas dentales', 'Infiltración anestésica', 500),
('Carpules anestésicos', 'Cartuchos de anestésico', 300),
('Vasoconstrictor', 'Epinefrina 1:100000', 100),
('Anestésico sin vaso', 'Mepivacaína 3%', 50),
('Anestésico tópico', 'Gel anestésico benzocaína', 30),
('Hilos de sutura', 'Seda negra 3-0', 100),
('Hilos reabsorbibles', 'Vicryl 4-0', 80),
('Tijeras quirúrgicas', 'Instrumental de corte', 10),
('Pinzas hemostáticas', 'Control de sangrado', 15),
('Elevadores dentales', 'Luxación de dientes', 20),
('Fórceps superiores', 'Extracción dientes superiores', 25),
('Fórceps inferiores', 'Extracción dientes inferiores', 25),
('Curetas periodontales', 'Raspado subgingival', 30),
('Sondas periodontales', 'Medición de bolsas', 20),
('Espejos bucales', 'Visualización intraoral', 50),
('Exploradores dentales', 'Diagnóstico de caries', 40),
('Excavadores de caries', 'Remoción de tejido cariado', 35),
('Aplicadores desechables', 'Colocación de materiales', 1000),
('Matrices metálicas', 'Conformación de restauraciones', 200),
('Cuñas de madera', 'Separación dental', 500),
('Porta matrices', 'Sujeción de matrices', 10),
('Lámpara de polimerización', 'Activación de resinas', 3),
('Turbina dental', 'Alta velocidad', 5),
('Micromotor', 'Baja velocidad', 5),
('Fresas de diamante', 'Preparación cavitaria', 200),
('Fresas de carburo', 'Eliminación de dentina', 150),
('Fresas de acabado', 'Pulido de restauraciones', 100),
('Discos de pulido', 'Acabado interproximal', 300),
('Copas de pulido', 'Pulido oclusal', 100),
('Puntas de silicona', 'Pulido final', 200),
('Pasta de pulir', 'Brillo final', 50),
('Separadores orthodóncicos', 'Espacios interdentales', 500),
('Botones orthodóncicos', 'Tracción dental', 100),
('Gomas intermaxilares', 'Elásticos orthodóncicos', 1000),
('Tubos molares', 'Anclaje orthodóncico', 100),
('Bandas orthodóncicas', 'Cementado en molares', 200),
('Cemento para bandas', 'Fijación orthodóncica', 20),
('Ceras orthodóncicas', 'Protección mucosa', 100),
('Arcos preformados', 'Nivellación inicial', 50),
('Arcos de finalización', 'Detallado orthodóncico', 30),
('Retenedores fijos', 'Alambre lingual', 50),
('Retenedores removibles', 'Hawley modificado', 20),
('Expansores palatinos', 'Disyunción maxilar', 10),
('Máscaras faciales', 'Tracción maxilar', 5),
('Aparatos funcionales', 'Orthodóncia interceptiva', 8),
('Lip bumpers', 'Protección labial', 12),
('Péndulums', 'Distalización molar', 6),
('Quad helix', 'Expansión posterior', 8),
('Biomateriales óseos', 'Injerto particulado', 30),
('Membranas reabsorbibles', 'Regeneración tisular', 25),
('Membranas no reabsorbibles', 'Barrera permanente', 15),
('Plasma rico plaquetas', 'Factor crecimiento', 20),
('Factores crecimiento', 'PDGF recombinante', 10),
('Colágeno inyectable', 'Relleno de defectos', 15),
('Ácido hialurónico', 'Viscosuplemento', 12),
('Hidroxiapatita', 'Sustituto óseo', 25),
('Beta fosfato tricálcico', 'Material osteoconductivo', 20),
('Sulfato de calcio', 'Barrera reabsorbible', 18),
('Matriz ósea desmineralizada', 'DBM particulado', 15),
('Hueso autólogo', 'Injerto del propio paciente', 10),
('Hueso alogénico', 'Banco de huesos', 12),
('Hueso xenogénico', 'Origen bovino', 20),
('Titanio grado 2', 'Implantes premium', 15),
('Titanio grado 4', 'Implantes estándar', 25),
('Aleación Ti-6Al-4V', 'Implantes de alta resistencia', 10),
('Superficie SLA', 'Tratamiento de superficie', 20),
('Superficie anodizada', 'Implantes con color', 15),
('Conexión externa', 'Hexágono externo', 30),
('Conexión interna', 'Cono morse', 25),
('Mini implantes', 'Orthodóncia temporal', 40),
('Implantes cigomáticos', 'Fijación maxilar atrófica', 5),
('Implantes pterigoideos', 'Anclaje posterior', 8),
('Localizador apical', 'Endometría electrónica', 2),
('Limas K', 'Instrumentación manual', 200),
('Limas H', 'Ensanchamiento radicular', 150),
('Limas rotatorias', 'Sistema mecanizado', 100),
('Limas ProTaper', 'Conicidad variable', 80),
('Limas WaveOne', 'Lima única', 60),
('Irrigantes endodóncicos', 'Hipoclorito de sodio', 100),
('EDTA 17%', 'Quelante de calcio', 50),
('Clorhexidina 2%', 'Desinfectante radicular', 40),
('Hidróxido de calcio', 'Medicación intraconducto', 30),
('Formocresol', 'Fijador pulpar', 20),
('MTA', 'Agregado trióxido mineral', 15),
('Biodentine', 'Sustituto de dentina', 12),
('Cementos biocerámicos', 'Sellado radicular', 25),
('Puntas de papel', 'Secado de conductos', 1000),
('Conos de gutapercha', 'Obturación radicular', 2000),
('Espaciadores digitales', 'Condensación lateral', 20),
('Pluggers', 'Condensación vertical', 15),
('Obturadores System B', 'Técnica termoplástica', 5),
('Jeringas de obturación', 'Gutapercha caliente', 8),
('Puntas de obturación', 'Técnica de inyección', 200),
('Radiografías periapicales', 'Películas tamaño 2', 1000),
('Radiografías oclusales', 'Películas tamaño 4', 200),
('Radiografías panorámicas', 'Película 15x30', 100),
('Líquido revelador', 'Procesado manual', 20),
('Líquido fijador', 'Procesado radiográfico', 20),
('Placas digitales', 'Sensores intraorales', 5),
('Posicionadores', 'Paralelización radiográfica', 50),
('Protectores plomados', 'Radioprotección', 10),
('Baberos plomados', 'Protección corporal', 8),
('Protectores tiroideos', 'Protección específica', 15),
('Dosímetros personales', 'Control de radiación', 20),
('Marcadores radiográficos', 'Identificación de zonas', 100),
('Revelado automático', 'Químicos máquina', 10),
('Montaje radiográfico', 'Cartulinas porta películas', 200),
('Negatoscopio', 'Visualización radiográfica', 2),
('Lupas de aumento', 'Magnificación clínica', 5),
('Microscopio dental', 'Alta magnificación', 1),
('Cámaras intraorales', 'Documentación clínica', 3),
('Monitores dentales', 'Visualización digital', 3),
('Software de gestión', 'Historia clínica digital', 1),
('Impresora láser', 'Documentos clínicos', 2),
('Escáner intraoral', 'Impresiones digitales', 1),
('Fresadora CAD-CAM', 'Manufactura digital', 1),
('Horno cerámico', 'Sinterización', 1),
('Articulador semi-ajustable', 'Simulación oclusal', 3),
('Arco facial', 'Registro maxilar', 2),
('Vibrador de yeso', 'Eliminación de burbujas', 1),
('Yeso piedra', 'Modelos de estudio', 100),
('Yeso para troquel', 'Modelos de trabajo', 50),
('Alginato', 'Impresiones preliminares', 80),
('Silicona condensación', 'Impresiones definitivas', 60),
('Silicona adición', 'Alta precisión', 40),
('Poliéter', 'Impresiones rígidas', 30),
('Pasta zinquenólica', 'Impresiones funcionales', 20),
('Ceras de impresión', 'Registros oclusales', 50),
('Cubetas metálicas', 'Impresiones superiores', 20),
('Cubetas plásticas', 'Impresiones inferiores', 25),
('Cubetas individuales', 'Impresiones personalizadas', 15),
('Adhesivo para cubetas', 'Fijación de materiales', 30),
('Vaselina', 'Aislante', 20),
('Separador de yeso', 'Anti-adherente', 25),
('Cera rosa', 'Confección de prótesis', 30),
('Cera pegajosa', 'Retención temporal', 15),
('Godiva', 'Cera termoplástica', 10),
('Resina acrílica', 'Bases protésicas', 40),
('Monómero acrílico', 'Polimerización', 20),
('Catalizador', 'Activador químico', 15),
('Fibra de vidrio', 'Refuerzo protésico', 25),
('Retenedores plásticos', 'Prótesis parciales', 100),
('Ganchos metálicos', 'Retención en dientes', 50),
('Conectores mayores', 'Estructura protésica', 20),
('Apoyos oclusales', 'Descanso protésico', 30),
('Dientes de porcelana', 'Estética superior', 200),
('Dientes de resina', 'Económicos', 300),
('Encía artificial', 'Estética gingival', 50),
('Caracterizadores', 'Pigmentos estéticos', 30),
('Pinceles artísticos', 'Aplicación de color', 20),
('Espátulas de cera', 'Modelado', 15),
('Mecheros Bunsen', 'Calentamiento', 2),
('Crisoles cerámicos', 'Colado metálico', 10),
('Revestimientos', 'Moldes de colado', 30),
('Aleaciones nobles', 'Oro para coronas', 5),
('Aleaciones base', 'Níquel-cromo', 20),
('Aleaciones titanio', 'Biocompatibilidad', 15),
('Soldadura dental', 'Unión metálica', 10),
('Flux dental', 'Fundente para soldadura', 8),
('Ácido fluorhídrico', 'Grabado cerámico', 5),
('Silanos', 'Adhesión a cerámica', 10),
('Opacos cerámicos', 'Enmascaramiento metálico', 15),
('Dentina cerámica', 'Cuerpo de la restauración', 25),
('Esmalte cerámico', 'Capa externa', 20),
('Glaze cerámico', 'Brillo final', 15),
('Stains cerámicos', 'Caracterización', 20);

-- Insertar relaciones tratamiento-materiales
INSERT INTO treatment_materials (treatment_id, material_id, quantity) VALUES
(1, 1, 1.0),
(1, 2, 0.5),
(1, 140, 5.0),
(1, 141, 2.0),
(1, 162, 1.0),
(2, 1, 1.0),
(2, 2, 0.5),
(2, 140, 3.0),
(2, 141, 1.0),
(3, 1, 2.0),
(3, 2, 1.0),
(3, 140, 8.0),
(3, 141, 3.0),
(3, 144, 1.0),
(4, 8, 1.0),
(4, 197, 1.0),
(4, 198, 1.0),
(5, 8, 1.0),
(5, 197, 1.0),
(6, 7, 1.0),
(6, 17, 4.0),
(6, 18, 2.0),
(6, 19, 1.0),
(7, 7, 1.0),
(7, 17, 6.0),
(7, 18, 2.0),
(8, 7, 1.0),
(8, 17, 8.0),
(8, 18, 4.0),
(9, 8, 1.0),
(9, 197, 1.0),
(10, 8, 1.0),
(10, 197, 1.0),
(11, 5, 28.0),
(11, 6, 4.0),
(11, 12, 20.0),
(11, 13, 10.0),
(11, 82, 4.0),
(12, 5, 28.0),
(12, 6, 4.0),
(12, 12, 20.0),
(12, 13, 10.0),
(13, 5, 28.0),
(13, 6, 6.0),
(13, 85, 4.0),
(13, 86, 2.0),
(14, 21, 1.0),
(14, 22, 1.0),
(14, 195, 1.0),
(15, 21, 1.0),
(15, 22, 1.0),
(16, 23, 10.0),
(16, 24, 5.0),
(17, 21, 1.0),
(17, 22, 1.0),
(18, 3, 1.0),
(18, 25, 1.0),
(18, 26, 1.0),
(19, 3, 1.0),
(19, 25, 1.0),
(19, 26, 1.0),
(20, 4, 1.0),
(20, 25, 1.0),
(20, 26, 1.0),
(21, 185, 1.0),
(21, 186, 1.0),
(21, 187, 1.0),
(22, 27, 2.0),
(22, 28, 1.0),
(23, 22, 1.0),
(23, 78, 1.0),
(24, 54, 15.0),
(24, 55, 8.0),
(25, 95, 1.0),
(25, 96, 0.5),
(26, 52, 2.0),
(26, 53, 1.0),
(27, 27, 4.0),
(27, 78, 1.0),
(28, 27, 2.0),
(28, 29, 1.0),
(29, 156, 1.0),
(29, 157, 5.0),
(30, 155, 1.0),
(30, 156, 1.0),
(31, 159, 1.0),
(31, 160, 1.0),
(32, 27, 1.0),
(32, 28, 2.0),
(33, 52, 1.0),
(33, 53, 2.0),
(34, 89, 1.0),
(34, 90, 2.0),
(35, 27, 1.0),
(35, 143, 3.0),
(36, 97, 1.0),
(36, 98, 0.5),
(37, 17, 1.0),
(37, 18, 1.0),
(38, 3, 1.0),
(38, 25, 1.0),
(39, 159, 1.0),
(39, 160, 1.0),
(40, 43, 2.0),
(40, 44, 1.0),
(41, 21, 3.0),
(41, 22, 3.0),
(42, 27, 2.0),
(42, 28, 1.0),
(43, 101, 2.0),
(43, 102, 1.0),
(44, 91, 1.0),
(44, 92, 2.0),
(45, 1, 1.0),
(45, 2, 0.5),
(46, 97, 2.0),
(46, 98, 1.0),
(47, 17, 1.0),
(47, 72, 2.0),
(48, 3, 1.0),
(48, 33, 2.0),
(49, 159, 1.0),
(49, 160, 1.0),
(50, 155, 1.0),
(50, 156, 1.0),
(51, 185, 1.0),
(51, 186, 1.0),
(52, 27, 1.0),
(52, 28, 1.0),
(53, 54, 20.0),
(53, 55, 10.0),
(54, 93, 1.0),
(54, 94, 2.0),
(55, 1, 1.0),
(55, 2, 0.5),
(56, 97, 3.0),
(56, 98, 1.5),
(57, 17, 4.0),
(57, 18, 4.0),
(58, 3, 1.0),
(58, 25, 1.0),
(59, 159, 1.0),
(59, 160, 1.0),
(60, 155, 1.0),
(60, 156, 1.0),
(61, 21, 4.0),
(61, 22, 4.0),
(62, 27, 2.0),
(62, 28, 1.0),
(63, 54, 25.0),
(63, 55, 12.0),
(64, 89, 1.0),
(64, 90, 3.0),
(65, 1, 1.0),
(65, 2, 0.5),
(66, 99, 1.0),
(66, 100, 0.5),
(67, 115, 2.0),
(67, 116, 1.0),
(68, 3, 1.0),
(68, 25, 1.0),
(69, 159, 1.0),
(69, 160, 1.0),
(70, 155, 1.0),
(70, 156, 1.0),
(71, 72, 2.0),
(71, 73, 1.0),
(72, 30, 2.0),
(72, 31, 1.0),
(73, 54, 30.0),
(73, 55, 15.0),
(74, 93, 1.0),
(74, 94, 3.0),
(75, 144, 2.0),
(75, 145, 1.0),
(76, 99, 2.0),
(76, 100, 1.0),
(77, 115, 1.0),
(77, 116, 1.0),
(78, 3, 2.0),
(78, 25, 2.0),
(79, 159, 1.0),
(79, 160, 1.0),
(80, 155, 1.0),
(80, 156, 1.0),
(81, 197, 3.0),
(81, 198, 2.0),
(82, 30, 3.0),
(82, 31, 2.0),
(83, 54, 20.0),
(83, 55, 10.0),
(84, 91, 1.0),
(84, 92, 2.0),
(85, 144, 1.0),
(85, 145, 1.0),
(86, 97, 4.0),
(86, 98, 2.0),
(87, 117, 1.0),
(87, 118, 1.0),
(88, 3, 1.0),
(88, 25, 1.0),
(89, 159, 1.0),
(89, 160, 1.0),
(90, 155, 1.0),
(90, 156, 1.0),
(91, 72, 3.0),
(91, 73, 2.0),
(92, 168, 1.0),
(92, 169, 1.0),
(93, 54, 35.0),
(93, 55, 18.0),
(94, 94, 1.0),
(94, 95, 2.0),
(95, 146, 1.0),
(95, 147, 1.0),
(96, 99, 3.0),
(96, 100, 2.0),
(97, 119, 1.0),
(97, 120, 1.0),
(98, 170, 1.0),
(98, 171, 1.0),
(99, 159, 1.0),
(99, 160, 1.0),
(100, 155, 1.0),
(100, 156, 1.0);

-- Insertar 200 laboratorios dentales
INSERT INTO dental_labs (name, phone, address) VALUES
('Laboratorio Dental Sonrisa', '555-1001', 'Calle 50 #25-30'),
('Lab Dental Perfección', '555-1002', 'Carrera 15 #40-20'),
('Laboratorio Estética Oral', '555-1003', 'Avenida 68 #35-15'),
('Lab Dental Innovación', '555-1004', 'Calle 85 #20-40'),
('Laboratorio Oral Design', '555-1005', 'Carrera 30 #50-25'),
('Lab Dental Premium', '555-1006', 'Avenida 127 #45-30'),
('Laboratorio Dental Elite', '555-1007', 'Calle 100 #35-20'),
('Lab Oral Excellence', '555-1008', 'Carrera 45 #60-15'),
('Laboratorio Dental Master', '555-1009', 'Avenida 170 #25-35'),
('Lab Dental Precision', '555-1010', 'Calle 134 #40-25'),
('Laboratorio Dental Arte', '555-1011', 'Carrera 68 #45-18'),
('Lab Smile Perfect', '555-1012', 'Avenida 19 #30-25'),
('Laboratorio Odonto Técnico', '555-1013', 'Calle 26 #50-40'),
('Lab Dental Creativo', '555-1014', 'Carrera 11 #25-35'),
('Laboratorio Protésico Ideal', '555-1015', 'Avenida 68 #40-20'),
('Lab Oral Estético', '555-1016', 'Calle 72 #35-15'),
('Laboratorio Dental Moderno', '555-1017', 'Carrera 7 #60-30'),
('Lab Técnico Dental', '555-1018', 'Avenida 39 #45-25'),
('Laboratorio Smile Design', '555-1019', 'Calle 53 #20-40'),
('Lab Dental Avanzado', '555-1020', 'Carrera 24 #35-18'),
('Laboratorio Oral Rehabilitación', '555-1021', 'Avenida 68 #25-35'),
('Lab Dental Especializado', '555-1022', 'Calle 85 #50-20'),
('Laboratorio Protésico Central', '555-1023', 'Carrera 13 #40-45'),
('Lab Estética Dental', '555-1024', 'Avenida 127 #30-15'),
('Laboratorio Dental Integral', '555-1025', 'Calle 100 #45-25'),
('Lab Oral Técnico', '555-1026', 'Carrera 45 #35-40'),
('Laboratorio Dental Digital', '555-1027', 'Avenida 170 #20-30'),
('Lab Smile Technology', '555-1028', 'Calle 134 #50-15'),
('Laboratorio Protésico Avanzado', '555-1029', 'Carrera 68 #25-35'),
('Lab Dental Profesional', '555-1030', 'Avenida 19 #40-20'),
('Laboratorio Oral Especialistas', '555-1031', 'Calle 26 #35-45'),
('Lab Técnico Moderno', '555-1032', 'Carrera 11 #20-30'),
('Laboratorio Dental Experto', '555-1033', 'Avenida 68 #50-25'),
('Lab Estética Avanzada', '555-1034', 'Calle 72 #30-15'),
('Laboratorio Protésico Elite', '555-1035', 'Carrera 7 #45-40'),
('Lab Dental Contemporáneo', '555-1036', 'Avenida 39 #25-35'),
('Laboratorio Smile Art', '555-1037', 'Calle 53 #40-18'),
('Lab Oral Innovación', '555-1038', 'Carrera 24 #35-20'),
('Laboratorio Dental Premium Plus', '555-1039', 'Avenida 68 #20-45'),
('Lab Técnico Especializado', '555-1040', 'Calle 85 #50-30'),
('Laboratorio Protésico Superior', '555-1041', 'Carrera 13 #25-15'),
('Lab Estética Oral Plus', '555-1042', 'Avenida 127 #45-35'),
('Laboratorio Dental Excellence', '555-1043', 'Calle 100 #30-40'),
('Lab Smile Professional', '555-1044', 'Carrera 45 #40-25'),
('Laboratorio Oral Master', '555-1045', 'Avenida 170 #35-18'),
('Lab Dental High Tech', '555-1046', 'Calle 134 #20-30'),
('Laboratorio Protésico Moderno', '555-1047', 'Carrera 68 #50-15'),
('Lab Técnico Dental Plus', '555-1048', 'Avenida 19 #25-45'),
('Laboratorio Estética Premium', '555-1049', 'Calle 26 #40-35'),
('Lab Oral Design Studio', '555-1050', 'Carrera 11 #35-20'),
('Laboratorio Dental Artístico', '555-1051', 'Avenida 68 #20-25'),
('Lab Smile Creativo', '555-1052', 'Calle 72 #45-40'),
('Laboratorio Protésico Integral', '555-1053', 'Carrera 7 #30-35'),
('Lab Dental Técnico Avanzado', '555-1054', 'Avenida 39 #50-18'),
('Laboratorio Oral Estético Plus', '555-1055', 'Calle 53 #25-30'),
('Lab Protésico Digital', '555-1056', 'Carrera 24 #40-15'),
('Laboratorio Dental Contemporáneo', '555-1057', 'Avenida 68 #35-45'),
('Lab Smile Innovation', '555-1058', 'Calle 85 #20-25'),
('Laboratorio Técnico Oral', '555-1059', 'Carrera 13 #50-40'),
('Lab Estética Dental Moderna', '555-1060', 'Avenida 127 #25-35'),
('Laboratorio Protésico Profesional', '555-1061', 'Calle 100 #45-18'),
('Lab Oral Excellence Plus', '555-1062', 'Carrera 45 #30-30'),
('Laboratorio Dental Especializado', '555-1063', 'Avenida 170 #40-15'),
('Lab Técnico Premium', '555-1064', 'Calle 134 #35-25'),
('Laboratorio Smile Design Studio', '555-1065', 'Carrera 68 #20-45'),
('Lab Protésico Arte', '555-1066', 'Avenida 19 #50-30'),
('Laboratorio Dental Master Plus', '555-1067', 'Calle 26 #25-40'),
('Lab Estética Oral Avanzada', '555-1068', 'Carrera 11 #45-35'),
('Laboratorio Técnico Moderno Plus', '555-1069', 'Avenida 68 #30-18'),
('Lab Dental Digital Plus', '555-1070', 'Calle 72 #40-20'),
('Laboratorio Protésico Excellence', '555-1071', 'Carrera 7 #35-25'),
('Lab Smile Técnico', '555-1072', 'Avenida 39 #20-45'),
('Laboratorio Oral Profesional', '555-1073', 'Calle 53 #50-30'),
('Lab Dental Arte Plus', '555-1074', 'Carrera 24 #25-40'),
('Laboratorio Estético Integral', '555-1075', 'Avenida 68 #45-35'),
('Lab Protésico Superior Plus', '555-1076', 'Calle 85 #30-18'),
('Laboratorio Técnico Especializado', '555-1077', 'Carrera 13 #40-20'),
('Lab Oral Design Plus', '555-1078', 'Avenida 127 #35-25'),
('Laboratorio Dental High Quality', '555-1079', 'Calle 100 #20-45'),
('Lab Smile Excellence', '555-1080', 'Carrera 45 #50-30'),
('Laboratorio Protésico Artístico', '555-1081', 'Avenida 170 #25-40'),
('Lab Técnico Dental Moderno', '555-1082', 'Calle 134 #45-35'),
('Laboratorio Estética Plus', '555-1083', 'Carrera 68 #30-18'),
('Lab Oral Técnico Plus', '555-1084', 'Avenida 19 #40-20'),
('Laboratorio Dental Premium Studio', '555-1085', 'Calle 26 #35-25'),
('Lab Protésico Digital Plus', '555-1086', 'Carrera 11 #20-45'),
('Laboratorio Smile Master', '555-1087', 'Avenida 68 #50-30'),
('Lab Técnico Oral Plus', '555-1088', 'Calle 72 #25-40'),
('Laboratorio Dental Excellence Studio', '555-1089', 'Carrera 7 #45-35'),
('Lab Estética Premium Plus', '555-1090', 'Avenida 39 #30-18'),
('Laboratorio Protésico Master', '555-1091', 'Calle 53 #40-20'),
('Lab Oral Innovation Plus', '555-1092', 'Carrera 24 #35-25'),
('Laboratorio Dental Arte Studio', '555-1093', 'Avenida 68 #20-45'),
('Lab Técnico Superior', '555-1094', 'Calle 85 #50-30'),
('Laboratorio Smile Professional Plus', '555-1095', 'Carrera 13 #25-40'),
('Lab Protésico Contemporáneo', '555-1096', 'Avenida 127 #45-35'),
('Laboratorio Estético Master', '555-1097', 'Calle 100 #30-18'),
('Lab Oral Excellence Studio', '555-1098', 'Carrera 45 #40-20'),
('Laboratorio Dental Digital Studio', '555-1099', 'Avenida 170 #35-25'),
('Lab Técnico Premium Plus', '555-1100', 'Calle 134 #20-45'),
('Laboratorio Protésico Innovation', '555-1101', 'Carrera 68 #50-30'),
('Lab Smile Design Master', '555-1102', 'Avenida 19 #25-40'),
('Laboratorio Dental Artístico Plus', '555-1103', 'Calle 26 #45-35'),
('Lab Estética Oral Studio', '555-1104', 'Carrera 11 #30-18'),
('Laboratorio Técnico Excellence', '555-1105', 'Avenida 68 #40-20'),
('Lab Protésico Arte Plus', '555-1106', 'Calle 72 #35-25'),
('Laboratorio Oral Master Plus', '555-1107', 'Carrera 7 #20-45'),
('Lab Dental Premium Excellence', '555-1108', 'Avenida 39 #50-30'),
('Laboratorio Smile Técnico Plus', '555-1109', 'Calle 53 #25-40'),
('Lab Estético Professional', '555-1110', 'Carrera 24 #45-35'),
('Laboratorio Protésico Digital Studio', '555-1111', 'Avenida 68 #30-18'),
('Lab Técnico Dental Excellence', '555-1112', 'Calle 85 #40-20'),
('Laboratorio Oral Design Master', '555-1113', 'Carrera 13 #35-25'),
('Lab Dental Innovation Studio', '555-1114', 'Avenida 127 #20-45'),
('Laboratorio Smile Arte', '555-1115', 'Calle 100 #50-30'),
('Lab Protésico Premium Studio', '555-1116', 'Carrera 45 #25-40'),
('Laboratorio Estética Excellence Plus', '555-1117', 'Avenida 170 #45-35'),
('Lab Técnico Oral Studio', '555-1118', 'Calle 134 #30-18'),
('Laboratorio Dental Master Studio', '555-1119', 'Carrera 68 #40-20'),
('Lab Oral Premium Plus', '555-1120', 'Avenida 19 #35-25'),
('Laboratorio Protésico Excellence Studio', '555-1121', 'Calle 26 #20-45'),
('Lab Smile Innovation Studio', '555-1122', 'Carrera 11 #50-30'),
('Laboratorio Técnico Digital', '555-1123', 'Avenida 68 #25-40'),
('Lab Estética Master Plus', '555-1124', 'Calle 72 #45-35'),
('Laboratorio Dental Arte Excellence', '555-1125', 'Carrera 7 #30-18'),
('Lab Protésico Superior Studio', '555-1126', 'Avenida 39 #40-20'),
('Laboratorio Oral Técnico Studio', '555-1127', 'Calle 53 #35-25'),
('Lab Dental Premium Master', '555-1128', 'Carrera 24 #20-45'),
('Laboratorio Smile Excellence Studio', '555-1129', 'Avenida 68 #50-30'),
('Lab Técnico Arte Plus', '555-1130', 'Calle 85 #25-40'),
('Laboratorio Estético Innovation', '555-1131', 'Carrera 13 #45-35'),
('Lab Protésico Master Plus', '555-1132', 'Avenida 127 #30-18'),
('Laboratorio Oral Excellence Master', '555-1133', 'Calle 100 #40-20'),
('Lab Dental Digital Excellence', '555-1134', 'Carrera 45 #35-25'),
('Laboratorio Smile Premium Studio', '555-1135', 'Avenida 170 #20-45'),
('Lab Técnico Professional Plus', '555-1136', 'Calle 134 #50-30'),
('Laboratorio Protésico Arte Studio', '555-1137', 'Carrera 68 #25-40'),
('Lab Estética Digital Plus', '555-1138', 'Avenida 19 #45-35'),
('Laboratorio Dental Superior Plus', '555-1139', 'Calle 26 #30-18'),
('Lab Oral Master Studio', '555-1140', 'Carrera 11 #40-20'),
('Laboratorio Técnico Excellence Plus', '555-1141', 'Avenida 68 #35-25'),
('Lab Protésico Innovation Studio', '555-1142', 'Calle 72 #20-45'),
('Laboratorio Smile Master Studio', '555-1143', 'Carrera 7 #50-30'),
('Lab Dental Arte Master', '555-1144', 'Avenida 39 #25-40'),
('Laboratorio Estético Premium Studio', '555-1145', 'Calle 53 #45-35'),
('Lab Técnico Digital Studio', '555-1146', 'Carrera 24 #30-18'),
('Laboratorio Oral Arte Plus', '555-1147', 'Avenida 68 #40-20'),
('Lab Protésico Excellence Master', '555-1148', 'Calle 85 #35-25'),
('Laboratorio Dental Innovation Plus', '555-1149', 'Carrera 13 #20-45'),
('Lab Smile Digital Studio', '555-1150', 'Avenida 127 #50-30'),
('Laboratorio Técnico Master Studio', '555-1151', 'Calle 100 #25-40'),
('Lab Estética Excellence Master', '555-1152', 'Carrera 45 #45-35'),
('Laboratorio Protésico Premium Plus', '555-1153', 'Avenida 170 #30-18'),
('Lab Oral Digital Plus', '555-1154', 'Calle 134 #40-20'),
('Laboratorio Dental Excellence Master', '555-1155', 'Carrera 68 #35-25'),
('Lab Técnico Arte Studio', '555-1156', 'Avenida 19 #20-45'),
('Laboratorio Smile Superior Plus', '555-1157', 'Calle 26 #50-30'),
('Lab Protésico Master Studio', '555-1158', 'Carrera 11 #25-40'),
('Laboratorio Estético Digital Studio', '555-1159', 'Avenida 68 #45-35'),
('Lab Oral Premium Studio', '555-1160', 'Calle 72 #30-18'),
('Laboratorio Dental Digital Master', '555-1161', 'Carrera 7 #40-20'),
('Lab Técnico Excellence Studio', '555-1162', 'Avenida 39 #35-25'),
('Laboratorio Protésico Arte Master', '555-1163', 'Calle 53 #20-45'),
('Lab Smile Innovation Master', '555-1164', 'Carrera 24 #50-30'),
('Laboratorio Estética Superior Studio', '555-1165', 'Avenida 68 #25-40'),
('Lab Oral Excellence Digital', '555-1166', 'Calle 85 #45-35'),
('Laboratorio Dental Premium Digital', '555-1167', 'Carrera 13 #30-18'),
('Lab Técnico Master Plus', '555-1168', 'Avenida 127 #40-20'),
('Laboratorio Protésico Digital Master', '555-1169', 'Calle 100 #35-25'),
('Lab Smile Excellence Master', '555-1170', 'Carrera 45 #20-45'),
('Laboratorio Estético Arte Plus', '555-1171', 'Avenida 170 #50-30'),
('Lab Oral Innovation Master', '555-1172', 'Calle 134 #25-40'),
('Laboratorio Dental Arte Digital', '555-1173', 'Carrera 68 #45-35'),
('Lab Técnico Premium Studio', '555-1174', 'Avenida 19 #30-18'),
('Laboratorio Protésico Excellence Digital', '555-1175', 'Calle 26 #40-20'),
('Lab Oral Master Digital', '555-1176', 'Carrera 11 #35-25'),
('Laboratorio Smile Premium Master', '555-1177', 'Avenida 68 #20-45'),
('Lab Estética Digital Master', '555-1178', 'Calle 72 #50-30'),
('Laboratorio Dental Superior Studio', '555-1179', 'Carrera 7 #25-40'),
('Lab Técnico Arte Master', '555-1180', 'Avenida 39 #45-35'),
('Laboratorio Protésico Innovation Master', '555-1181', 'Calle 53 #30-18'),
('Lab Oral Excellence Plus Master', '555-1182', 'Carrera 24 #40-20'),
('Laboratorio Dental Premium Excellence', '555-1183', 'Avenida 68 #35-25'),
('Lab Smile Digital Master', '555-1184', 'Calle 85 #20-45'),
('Laboratorio Estético Excellence Digital', '555-1185', 'Carrera 13 #50-30'),
('Lab Técnico Digital Master', '555-1186', 'Avenida 127 #25-40'),
('Laboratorio Protésico Superior Master', '555-1187', 'Calle 100 #45-35'),
('Lab Oral Arte Master', '555-1188', 'Carrera 45 #30-18'),
('Laboratorio Dental Innovation Master', '555-1189', 'Avenida 170 #40-20'),
('Lab Smile Arte Digital', '555-1190', 'Calle 134 #35-25'),
('Laboratorio Estético Premium Master', '555-1191', 'Carrera 68 #20-45'),
('Lab Técnico Excellence Master', '555-1192', 'Avenida 19 #50-30'),
('Laboratorio Protésico Digital Excellence', '555-1193', 'Calle 26 #25-40'),
('Lab Oral Premium Master', '555-1194', 'Carrera 11 #45-35'),
('Laboratorio Dental Excellence Digital', '555-1195', 'Avenida 68 #30-18'),
('Lab Smile Superior Master', '555-1196', 'Calle 72 #40-20'),
('Laboratorio Técnico Premium Master', '555-1197', 'Carrera 7 #35-25'),
('Lab Estética Innovation Master', '555-1198', 'Avenida 39 #20-45'),
('Laboratorio Protésico Arte Excellence', '555-1199', 'Calle 53 #50-30'),
('Lab Oral Digital Excellence', '555-1200', 'Carrera 24 #25-40');

-- Insertar 200 pagos
INSERT INTO payments (plan_id, payment_date, amount, payment_method) VALUES
(1, '2024-01-15 10:00:00', 350000, 'Efectivo'),
(1, '2024-02-15 14:30:00', 800000, 'Tarjeta de crédito'),
(2, '2024-01-16 09:15:00', 1250000, 'Transferencia'),
(3, '2024-01-17 11:45:00', 250000, 'Efectivo'),
(4, '2024-01-18 16:20:00', 80000, 'Tarjeta de débito'),
(5, '2024-01-19 08:30:00', 600000, 'Efectivo'),
(6, '2024-01-20 13:15:00', 300000, 'Tarjeta de crédito'),
(7, '2024-01-21 15:45:00', 1500000, 'Transferencia'),
(8, '2024-01-22 10:30:00', 650000, 'Efectivo'),
(9, '2024-01-23 12:00:00', 150000, 'Tarjeta de débito'),
(10, '2024-01-24 14:20:00', 120000, 'Efectivo'),
(11, '2024-01-25 16:45:00', 2500000, 'Transferencia'),
(12, '2024-01-26 08:15:00', 450000, 'Tarjeta de crédito'),
(13, '2024-01-27 11:30:00', 180000, 'Efectivo'),
(14, '2024-01-28 13:50:00', 3500000, 'Transferencia'),
(15, '2024-01-29 15:10:00', 550000, 'Tarjeta de débito'),
(16, '2024-01-30 09:25:00', 200000, 'Efectivo'),
(17, '2024-01-31 12:40:00', 1800000, 'Transferencia'),
(18, '2024-02-01 14:55:00', 750000, 'Tarjeta de crédito'),
(19, '2024-02-02 10:05:00', 100000, 'Efectivo'),
(20, '2024-02-03 16:35:00', 2000000, 'Transferencia'),
(21, '2024-02-04 08:50:00', 1200000, 'Tarjeta de débito'),
(22, '2024-02-05 11:20:00', 300000, 'Efectivo'),
(23, '2024-02-06 13:45:00', 2400000, 'Transferencia'),
(24, '2024-02-07 15:25:00', 4500000, 'Tarjeta de crédito'),
(25, '2024-02-08 09:40:00', 400000, 'Efectivo'),
(26, '2024-02-09 12:15:00', 800000, 'Transferencia'),
(27, '2024-02-10 14:35:00', 350000, 'Tarjeta de débito'),
(28, '2024-02-11 10:55:00', 500000, 'Efectivo'),
(29, '2024-02-12 16:10:00', 200000, 'Tarjeta de crédito'),
(30, '2024-02-13 08:25:00', 350000, 'Transferencia'),
(31, '2024-02-14 11:50:00', 1800000, 'Efectivo'),
(32, '2024-02-15 13:15:00', 80000, 'Tarjeta de débito'),
(33, '2024-02-16 15:40:00', 200000, 'Efectivo'),
(34, '2024-02-17 09:05:00', 800000, 'Transferencia'),
(35, '2024-02-18 12:30:00', 200000, 'Tarjeta de crédito'),
(36, '2024-02-19 14:20:00', 300000, 'Efectivo'),
(37, '2024-02-20 16:45:00', 1500000, 'Transferencia'),
(38, '2024-02-21 08:15:00', 400000, 'Tarjeta de débito'),
(39, '2024-02-22 11:35:00', 200000, 'Efectivo'),
(40, '2024-02-23 13:50:00', 350000, 'Tarjeta de crédito'),
(41, '2024-02-24 15:10:00', 2400000, 'Transferencia'),
(42, '2024-02-25 09:25:00', 50000, 'Efectivo'),
(43, '2024-02-26 12:40:00', 2000000, 'Transferencia'),
(44, '2024-02-27 14:55:00', 3500000, 'Tarjeta de crédito'),
(45, '2024-02-28 10:05:00', 500000, 'Efectivo'),
(46, '2024-02-29 16:35:00', 600000, 'Tarjeta de débito'),
(47, '2024-03-01 08:50:00', 4500000, 'Transferencia'),
(48, '2024-03-02 11:20:00', 650000, 'Efectivo'),
(49, '2024-03-03 13:45:00', 150000, 'Tarjeta de crédito'),
(50, '2024-03-04 15:25:00', 8000000, 'Transferencia'),
(51, '2024-03-05 09:40:00', 750000, 'Efectivo'),
(52, '2024-03-06 12:15:00', 30000, 'Tarjeta de débito'),
(53, '2024-03-07 14:35:00', 600000, 'Efectivo'),
(54, '2024-03-08 10:55:00', 450000, 'Transferencia'),
(55, '2024-03-09 16:10:00', 350000, 'Tarjeta de crédito'),
(56, '2024-03-10 08:25:00', 300000, 'Efectivo'),
(57, '2024-03-11 11:50:00', 8000000, 'Transferencia'),
(58, '2024-03-12 13:15:00', 150000, 'Tarjeta de débito'),
(59, '2024-03-13 15:40:00', 400000, 'Efectivo'),
(60, '2024-03-14 09:05:00', 600000, 'Tarjeta de crédito'),
(61, '2024-03-15 12:30:00', 4000000, 'Transferencia'),
(62, '2024-03-16 14:20:00', 80000, 'Efectivo'),
(63, '2024-03-17 16:45:00', 2500000, 'Transferencia'),
(64, '2024-03-18 08:15:00', 600000, 'Tarjeta de débito'),
(65, '2024-03-19 11:35:00', 800000, 'Efectivo'),
(66, '2024-03-20 13:50:00', 1200000, 'Tarjeta de crédito'),
(67, '2024-03-21 15:10:00', 800000, 'Transferencia'),
(68, '2024-03-22 09:25:00', 250000, 'Efectivo'),
(69, '2024-03-23 12:40:00', 2000000, 'Transferencia'),
(70, '2024-03-24 14:55:00', 800000, 'Tarjeta de débito'),
(71, '2024-03-25 10:05:00', 300000, 'Efectivo'),
(72, '2024-03-26 16:35:00', 120000, 'Tarjeta de crédito'),
(73, '2024-03-27 08:50:00', 800000, 'Transferencia'),
(74, '2024-03-28 11:20:00', 400000, 'Efectivo'),
(75, '2024-03-29 13:45:00', 600000, 'Tarjeta de débito'),
(76, '2024-03-30 15:25:00', 600000, 'Transferencia'),
(77, '2024-03-31 09:40:00', 800000, 'Efectivo'),
(78, '2024-04-01 12:15:00', 300000, 'Tarjeta de crédito'),
(79, '2024-04-02 14:35:00', 2000000, 'Transferencia'),
(80, '2024-04-03 10:55:00', 150000, 'Efectivo'),
(81, '2024-04-04 16:10:00', 800000, 'Tarjeta de débito'),
(82, '2024-04-05 08:25:00', 120000, 'Efectivo'),
(83, '2024-04-06 11:50:00', 2500000, 'Transferencia'),
(84, '2024-04-07 13:15:00', 800000, 'Tarjeta de crédito'),
(85, '2024-04-08 15:40:00', 500000, 'Efectivo'),
(86, '2024-04-09 09:05:00', 1200000, 'Transferencia'),
(87, '2024-04-10 12:30:00', 3000000, 'Tarjeta de débito'),
(88, '2024-04-11 14:20:00', 400000, 'Efectivo'),
(89, '2024-04-12 16:45:00', 1500000, 'Tarjeta de crédito'),
(90, '2024-04-13 08:15:00', 300000, 'Transferencia'),
(91, '2024-04-14 11:35:00', 600000, 'Efectivo'),
(92, '2024-04-15 13:50:00', 250000, 'Tarjeta de débito'),
(93, '2024-04-16 15:10:00', 2500000, 'Transferencia'),
(94, '2024-04-17 09:25:00', 800000, 'Efectivo'),
(95, '2024-04-18 12:40:00', 350000, 'Tarjeta de crédito'),
(96, '2024-04-19 14:55:00', 800000, 'Transferencia'),
(97, '2024-04-20 10:05:00', 2500000, 'Efectivo'),
(98, '2024-04-21 16:35:00', 250000, 'Tarjeta de débito'),
(99, '2024-04-22 08:50:00', 2000000, 'Transferencia'),
(100, '2024-04-23 11:20:00', 600000, 'Tarjeta de crédito'),
(101, '2024-04-24 13:45:00', 550000, 'Efectivo'),
(102, '2024-04-25 15:25:00', 450000, 'Transferencia'),
(103, '2024-04-26 09:40:00', 250000, 'Tarjeta de débito'),
(104, '2024-04-27 12:15:00', 300000, 'Efectivo'),
(105, '2024-04-28 14:35:00', 1200000, 'Tarjeta de crédito'),
(106, '2024-04-29 10:55:00', 300000, 'Transferencia'),
(107, '2024-04-30 16:10:00', 1800000, 'Efectivo'),
(108, '2024-05-01 08:25:00', 650000, 'Tarjeta de débito'),
(109, '2024-05-02 11:50:00', 25000, 'Efectivo'),
(110, '2024-05-03 13:15:00', 350000, 'Transferencia'),
(111, '2024-05-04 15:40:00', 800000, 'Tarjeta de crédito'),
(112, '2024-05-05 09:05:00', 80000, 'Efectivo'),
(113, '2024-05-06 12:30:00', 120000, 'Transferencia'),
(114, '2024-05-07 14:20:00', 2500000, 'Tarjeta de débito'),
(115, '2024-05-08 16:45:00', 350000, 'Efectivo'),
(116, '2024-05-09 08:15:00', 300000, 'Tarjeta de crédito'),
(117, '2024-05-10 11:35:00', 1500000, 'Transferencia'),
(118, '2024-05-11 13:50:00', 650000, 'Efectivo'),
(119, '2024-05-12 15:10:00', 80000, 'Tarjeta de débito'),
(120, '2024-05-13 09:25:00', 200000, 'Transferencia'),
(121, '2024-05-14 12:40:00', 2400000, 'Tarjeta de crédito'),
(122, '2024-05-15 14:55:00', 50000, 'Efectivo'),
(123, '2024-05-16 10:05:00', 200000, 'Transferencia'),
(124, '2024-05-17 16:35:00', 4500000, 'Tarjeta de débito'),
(125, '2024-05-18 08:50:00', 200000, 'Efectivo'),
(126, '2024-05-19 11:20:00', 800000, 'Tarjeta de crédito'),
(127, '2024-05-20 13:45:00', 1500000, 'Transferencia'),
(128, '2024-05-21 15:25:00', 300000, 'Efectivo'),
(129, '2024-05-22 09:40:00', 100000, 'Tarjeta de débito'),
(130, '2024-05-23 12:15:00', 350000, 'Transferencia'),
(131, '2024-05-24 14:35:00', 750000, 'Tarjeta de crédito'),
(132, '2024-05-25 10:55:00', 30000, 'Efectivo'),
(133, '2024-05-26 16:10:00', 600000, 'Transferencia'),
(134, '2024-05-27 08:25:00', 1000000, 'Tarjeta de débito'),
(135, '2024-05-28 11:50:00', 800000, 'Efectivo'),
(136, '2024-05-29 13:15:00', 600000, 'Tarjeta de crédito'),
(137, '2024-05-30 15:40:00', 4500000, 'Transferencia'),
(138, '2024-05-31 09:05:00', 400000, 'Efectivo'),
(139, '2024-06-01 12:30:00', 200000, 'Tarjeta de débito'),
(140, '2024-06-02 14:20:00', 2000000, 'Transferencia'),
(141, '2024-06-03 16:45:00', 1200000, 'Tarjeta de crédito'),
(142, '2024-06-04 08:15:00', 50000, 'Efectivo'),
(143, '2024-06-05 11:35:00', 250000, 'Transferencia'),
(144, '2024-06-06 13:50:00', 2500000, 'Tarjeta de débito'),
(145, '2024-06-07 15:10:00', 500000, 'Efectivo'),
(146, '2024-06-08 09:25:00', 800000, 'Tarjeta de crédito'),
(147, '2024-06-09 12:40:00', 6000000, 'Transferencia'),
(148, '2024-06-10 14:55:00', 250000, 'Efectivo'),
(149, '2024-06-11 10:05:00', 200000, 'Tarjeta de débito'),
(150, '2024-06-12 16:35:00', 800000, 'Transferencia'),
(151, '2024-06-13 08:50:00', 750000, 'Tarjeta de crédito'),
(152, '2024-06-14 11:20:00', 30000, 'Efectivo'),
(153, '2024-06-15 13:45:00', 200000, 'Transferencia'),
(154, '2024-06-16 15:25:00', 4000000, 'Tarjeta de débito'),
(155, '2024-06-17 09:40:00', 600000, 'Efectivo'),
(156, '2024-06-18 12:15:00', 500000, 'Tarjeta de crédito'),
(157, '2024-06-19 14:35:00', 8000000, 'Transferencia'),
(158, '2024-06-20 10:55:00', 300000, 'Efectivo'),
(159, '2024-06-21 16:10:00', 80000, 'Tarjeta de débito'),
(160, '2024-06-22 08:25:00', 350000, 'Transferencia'),
(161, '2024-06-23 11:50:00', 1800000, 'Tarjeta de crédito'),
(162, '2024-06-24 13:15:00', 80000, 'Efectivo'),
(163, '2024-06-25 15:40:00', 2000000, 'Transferencia'),
(164, '2024-06-26 09:05:00', 800000, 'Tarjeta de débito'),
(165, '2024-06-27 12:30:00', 350000, 'Efectivo'),
(166, '2024-06-28 14:20:00', 300000, 'Tarjeta de crédito'),
(167, '2024-06-29 16:45:00', 4000000, 'Transferencia'),
(168, '2024-06-30 08:15:00', 150000, 'Efectivo'),
(169, '2024-07-01 11:35:00', 100000, 'Tarjeta de débito'),
(170, '2024-07-02 13:50:00', 600000, 'Transferencia'),
(171, '2024-07-03 15:10:00', 4000000, 'Tarjeta de crédito'),
(172, '2024-07-04 09:25:00', 120000, 'Efectivo'),
(173, '2024-07-05 12:40:00', 2500000, 'Transferencia'),
(174, '2024-07-06 14:55:00', 400000, 'Tarjeta de débito'),
(175, '2024-07-07 10:05:00', 600000, 'Efectivo'),
(176, '2024-07-08 16:35:00', 600000, 'Tarjeta de crédito'),
(177, '2024-07-09 08:50:00', 800000, 'Transferencia'),
(178, '2024-07-10 11:20:00', 250000, 'Efectivo'),
(179, '2024-07-11 13:45:00', 2000000, 'Tarjeta de débito'),
(180, '2024-07-12 15:25:00', 150000, 'Transferencia'),
(181, '2024-07-13 09:40:00', 800000, 'Tarjeta de crédito'),
(182, '2024-07-14 12:15:00', 120000, 'Efectivo'),
(183, '2024-07-15 14:35:00', 2500000, 'Transferencia'),
(184, '2024-07-16 10:55:00', 800000, 'Tarjeta de débito'),
(185, '2024-07-17 16:10:00', 500000, 'Efectivo'),
(186, '2024-07-18 08:25:00', 1200000, 'Tarjeta de crédito'),
(187, '2024-07-19 11:50:00', 3000000, 'Transferencia'),
(188, '2024-07-20 13:15:00', 400000, 'Efectivo'),
(189, '2024-07-21 15:40:00', 1500000, 'Tarjeta de débito'),
(190, '2024-07-22 09:05:00', 300000, 'Transferencia'),
(191, '2024-07-23 12:30:00', 600000, 'Tarjeta de crédito'),
(192, '2024-07-24 14:20:00', 250000, 'Efectivo'),
(193, '2024-07-25 16:45:00', 2500000, 'Transferencia'),
(194, '2024-07-26 08:15:00', 800000, 'Tarjeta de débito'),
(195, '2024-07-27 11:35:00', 350000, 'Efectivo'),
(196, '2024-07-28 13:50:00', 800000, 'Tarjeta de crédito'),
(197, '2024-07-29 15:10:00', 2500000, 'Transferencia'),
(198, '2024-07-30 09:25:00', 250000, 'Efectivo'),
(199, '2024-07-31 12:40:00', 2000000, 'Tarjeta de débito'),
(200, '2024-08-01 14:55:00', 600000, 'Transferencia');

